"Name","Location","FunctionSignature","FunctionSize"
"AddAnimationFull","10004790","TAnimation * AddAnimationFull(TSkeletonInstance * this\, short param_1\, float param_2\, float param_3\, float param_4\, uint param_5)","807"
"RemoveAnimation","10004af0","void RemoveAnimation(TSkeletonInstance * this\, TAnimation * param_1\, float param_2)","369"
"IsAnimating","10004c70","TAnimation * IsAnimating(TSkeletonInstance * this\, short param_1)","263"
"SetStateFromBasePose","10004db0","void SetStateFromBasePose(TSkeletonInstance * this)","242"
"UpdateTime","10004eb0","void UpdateTime(TSkeletonInstance * this\, float param_1)","400"
"UpdateState","10005080","void UpdateState(TSkeletonInstance * this)","2329"
"GetBoneTransformCurrent","10005ab0","TMatrix44 * GetBoneTransformCurrent(TSkeletonInstance * this\, int param_1\, TMatrix44 * param_2)","302"
"GetBoneTransformCurrent","10005be0","TMatrix44 * GetBoneTransformCurrent(TSkeletonInstance * this\, int param_1)","43"
"SetDestWeight","10005c10","float SetDestWeight(TAnimation * this\, float a_fDestWeight\, float a_fBlendInSpeed)","57"
"SetTime","10005c50","float SetTime(TAnimation * this\, float param_1)","201"
"ChangeToManaged","10005d20","void ChangeToManaged(TAnimation * this\, float param_1)","171"
"SetUpdateStateOnRemove","10005de0","bool SetUpdateStateOnRemove(TAnimation * this\, bool param_1)","53"
"UpdateTime","10005e20","bool UpdateTime(TAnimation * this\, float param_1)","344"
"Create","10005f80","TKeyframeLibrary * Create(char * param_1\, int param_2\, int param_3\, int param_4)","279"
"Delete","100060a0","void Delete(TKeyframeLibrary * this)","66"
"DebugDump","100060f0","void DebugDump(TKeyframeLibrary * this\, bool param_1)","596"
"TKeyframeLibrary","10006350","undefined TKeyframeLibrary(TKeyframeLibrary * this)","31"
"TKeyframeLibraryInstance","10006370","undefined TKeyframeLibraryInstance(TKeyframeLibraryInstance * this)","34"
"~TKeyframeLibraryInstance","100063a0","void ~TKeyframeLibraryInstance(TKeyframeLibraryInstance * this)","65"
"Create","100063f0","TKeyframeLibrary * Create(TKeyframeLibraryInstance * this\, TKeyframeLibrary * param_1)","36"
"CreateEx","10006420","TKeyframeLibrary * CreateEx(TKeyframeLibraryInstance * this\, TKeyframeLibrary * param_1\, int param_2\, int param_3\, int param_4\, int param_5\, int param_6\, int param_7)","122"
"~TKeyframeLibraryManager","100064a0","void ~TKeyframeLibraryManager(TKeyframeLibraryManager * this)","121"
"LoadLibrary","10006520","TKeyframeLibrary * LoadLibrary(TKeyframeLibraryManager * this\, char * param_1)","479"
"UnloadLibrary","10006720","void UnloadLibrary(TKeyframeLibraryManager * this\, TKeyframeLibrary * param_1)","107"
"GetLibrary","10006790","TKeyframeLibrary * GetLibrary(TKeyframeLibraryManager * this\, char * param_1)","190"
"DebugDump","10006890","void DebugDump(TKeyframeLibraryManager * this\, bool param_1)","156"
"Create","10006940","TSkeleton * Create(TDImp * param_1\, uint param_2)","2566"
"Create","10007420","bool Create(TSkeleton * this\, uint param_1)","119"
"CreateInstance","100074a0","TSkeletonInstance * CreateInstance(TSkeleton * this\, bool param_1)","355"
"GetBoneID","10007620","int GetBoneID(TSkeleton * this\, char * param_1\, int param_2)","167"
"GetSequenceID","100076e0","int GetSequenceID(TSkeleton * this\, char * param_1\, int param_2)","150"
"DebugDump","10007790","void DebugDump(TSkeleton * this\, bool param_1)","924"
"GetBoneTransformLocal","10007ba0","ushort GetBoneTransformLocal(TSkeleton * this\, int param_1\, int param_2\, float param_3\, ushort param_4\, TMatrix44 * param_5)","391"
"GetBoneTransform","10007d30","void GetBoneTransform(TSkeleton * this\, int param_1\, int param_2\, float param_3\, TMatrix44 * param_4)","185"
"TSkeleton","10007df0","undefined TSkeleton(TSkeleton * this)","47"
"GetKeyPair","10007e20","float GetKeyPair(TSkeletonSequenceBone * this\, float param_1\, ushort * param_2\, uint * param_3\, uint * param_4)","296"
"IntraBlend","10007f50","void IntraBlend(TSkeletonSequenceBone * this\, TKeyframeLibraryInstance * param_1\, float param_2\, uint * param_3\, uint * param_4\, TQuaternion * param_5\, TVector4 * param_6)","362"
"Delete","100080f0","void Delete(TSkeleton * this)","25"
"TKeyframeLibraryManager","10008110","undefined TKeyframeLibraryManager(TKeyframeLibraryManager * this)","15"
"Destroy","10008120","void Destroy(TKeyframeLibraryInstance * this)","16"
"~TKeyframeLibrary","10008130","void ~TKeyframeLibrary(TKeyframeLibrary * this)","21"
"RemoveAnimation","10008150","void RemoveAnimation(TAnimation * this\, float param_1)","27"
"SetWeight","10008170","float SetWeight(TAnimation * this\, float param_1)","20"
"GetFreeAnimation","10008190","TAnimation * GetFreeAnimation(TSkeletonInstance * this)","24"
"DebugRender","100081b0","void DebugRender(TSkeletonInstance * this)","1"
"AddManagedAnimation","100081c0","TAnimation * AddManagedAnimation(TSkeletonInstance * this\, short param_1\, float param_2\, float param_3\, float param_4)","39"
"AddAnimation","100081f0","TAnimation * AddAnimation(TSkeletonInstance * this\, short param_1\, float param_2\, float param_3)","30"
"Delete","10008210","void Delete(TSkeletonInstance * this)","15"
"FUN_10008220","10008220","undefined FUN_10008220(void * this\, uint param_1)","211"
"TMesh","10008300","undefined TMesh(TMesh * this\, TMesh * param_1)","133"
"GetMaterial","10008390","TMaterial * GetMaterial(TMesh * this)","4"
"GetShader","100083a0","TShader * GetShader(TMesh * this)","4"
"TMaterial","100083b0","undefined TMaterial(TMaterial * this\, TMaterial * param_1)","145"
"GetRegMaterial","10008450","TRegMaterial * GetRegMaterial(TMaterial * this)","4"
"PostRender","10008460","void PostRender(TMaterial * this)","1"
"PreRender","10008470","void PreRender(TMaterial * this)","1"
"GetNumTextures","10008480","uint GetNumTextures(TMaterial * this)","4"
"SetNumTextures","10008490","void SetNumTextures(TMaterial * this\, uint param_1)","68"
"GetShader","100084e0","TShader * GetShader(TMaterial * this)","4"
"SetFlags","100084f0","void SetFlags(TMaterial * this\, uint param_1)","10"
"GetFlags","10008500","uint GetFlags(TMaterial * this)","4"
"TShader","10008510","undefined TShader(TShader * this\, TShader * param_1)","122"
"GetFlags","10008590","uint GetFlags(TSceneObject * this)","4"
"SetAmbientColour","100085a0","void SetAmbientColour(TScene * this\, float param_1\, float param_2\, float param_3)","43"
"SetAmbientColour","100085d0","void SetAmbientColour(TScene * this\, TVector4 * param_1)","42"
"GetAmbientColour","10008600","void GetAmbientColour(TScene * this\, TVector4 * param_1)","42"
"GetAmbientColour","10008630","TVector4 * GetAmbientColour(TScene * this)","9"
"SetCurrentCamera","10008640","void SetCurrentCamera(TScene * this\, TCameraObject * param_1)","13"
"GetCurrentCamera","10008650","TCameraObject * GetCurrentCamera(TScene * this)","7"
"GetViewportRoot","10008660","TNullSceneResource * GetViewportRoot(TScene * this)","7"
"GetDefaultCamera","10008670","TCameraObject * GetDefaultCamera(TScene * this\, DEFCAMERA param_1)","14"
"GetRenderMatrixStack","10008680","TStack<class_Toshi::TMatrix44\,20> * GetRenderMatrixStack(TScene * this)","6"
"GetDeltaTime","10008690","float GetDeltaTime(TScene * this)","4"
"GetAbsoluteTime","100086a0","float GetAbsoluteTime(TScene * this)","4"
"GetSceneStamp","100086b0","uint GetSceneStamp(TScene * this)","4"
"operator=","100086c0","EndSceneEvent * operator=(EndSceneEvent * this\, EndSceneEvent * param_1)","5"
"operator=","100086d0","BeginSceneEvent * operator=(BeginSceneEvent * this\, BeginSceneEvent * param_1)","5"
"GetRenderFrameCount","100086e0","uint GetRenderFrameCount(TRenderInterface * this)","7"
"GetKeyframeLibraryManager","100086f0","TKeyframeLibraryManager * GetKeyframeLibraryManager(TRenderInterface * this)","9"
"GetDebugText","10008700","TDebugText * GetDebugText(TRenderInterface * this)","7"
"RequestScreenshot","10008710","void RequestScreenshot(TRenderInterface * this)","5"
"GetEndSceneEmitter","10008720","TEmitter<class_Toshi::TRenderInterface\,class_Toshi::TRenderInterface::EndSceneEvent> * GetEndSceneEmitter(TRenderInterface * this)","9"
"GetBeginSceneEmitter","10008730","TEmitter<class_Toshi::TRenderInterface\,class_Toshi::TRenderInterface::BeginSceneEvent> * GetBeginSceneEmitter(TRenderInterface * this)","9"
"SetLightColourMatrix","10008740","void SetLightColourMatrix(TRenderInterface * this\, TMatrix44 * param_1)","150"
"GetLightColourMatrix","100087e0","void GetLightColourMatrix(TRenderInterface * this\, TMatrix44 * param_1)","150"
"GetLightColourMatrix","10008880","TMatrix44 * GetLightColourMatrix(TRenderInterface * this)","9"
"SetLightDirectionMatrix","10008890","void SetLightDirectionMatrix(TRenderInterface * this\, TMatrix44 * param_1)","141"
"GetLightDirectionMatrix","10008920","void GetLightDirectionMatrix(TRenderInterface * this\, TMatrix44 * param_1)","141"
"GetLightDirectionMatrix","100089b0","TMatrix44 * GetLightDirectionMatrix(TRenderInterface * this)","6"
"GetInvalidTexture","100089c0","TTextureResource * GetInvalidTexture(TRenderInterface * this)","7"
"MakeRGBA","100089d0","uint MakeRGBA(float param_1\, float param_2\, float param_3\, float param_4)","329"
"MakeRGBA","10008b20","uint MakeRGBA(uint param_1\, uint param_2\, uint param_3\, uint param_4)","32"
"GetRenderer","10008b40","TRenderInterface * GetRenderer(void)","6"
"MakeRGBA","10008b50","uint MakeRGBA(int param_1\, int param_2\, int param_3\, int param_4)","32"
"Supports32BitTextures","10008b70","bool Supports32BitTextures(TRenderInterface * this)","3"
"IsTextureFormatSupported","10008b80","bool IsTextureFormatSupported(TRenderInterface * this\, TTEXTURERESOURCEFORMAT param_1)","8"
"GetMaterialLibraryManager","10008b90","TMaterialLibraryManager * GetMaterialLibraryManager(TRenderInterface * this)","9"
"DestroyMaterialLibraryManager","10008ba0","void DestroyMaterialLibraryManager(TRenderInterface * this)","16"
"CreateMaterialLibraryManager","10008bb0","void CreateMaterialLibraryManager(TRenderInterface * this)","16"
"SetPixelAspectRatio","10008bc0","bool SetPixelAspectRatio(TRenderInterface * this\, float param_1)","5"
"GetPixelAspectRatio","10008bd0","float GetPixelAspectRatio(TRenderInterface * this)","7"
"GetScreenAspectRatio","10008be0","float GetScreenAspectRatio(TRenderInterface * this)","7"
"RenderIndexPrimitive","10008bf0","void RenderIndexPrimitive(TRenderInterface * this\, PRIMITIVETYPE param_1\, uint param_2\, uint param_3\, ushort * param_4\, void * param_5\, ushort param_6)","3"
"operator=","10008c00","TDebugText * operator=(TDebugText * this\, TDebugText * param_1)","27"
"TDebugText","10008c20","undefined TDebugText(TDebugText * this\, TDebugText * param_1)","33"
"~TDebugText","10008c50","void ~TDebugText(TDebugText * this)","7"
"TDebugText","10008c60","undefined TDebugText(TDebugText * this)","9"
"SetFlag","10008c70","void SetFlag(TRenderContext * this\, FLAG param_1\, bool param_2)","27"
"GetFlag","10008c90","bool GetFlag(TRenderContext * this\, FLAG param_1)","19"
"GetSun","10008cb0","TSun * GetSun(TRenderContext * this)","9"
"GetAtmosphere","10008cc0","TAtmosphere * GetAtmosphere(TRenderContext * this)","9"
"GetGuardPlanes","10008cd0","TPlane * GetGuardPlanes(TRenderContext * this)","9"
"GetViewPlanes","10008ce0","TPlane * GetViewPlanes(TRenderContext * this)","9"
"IsFogEnabled","10008cf0","bool IsFogEnabled(TRenderContext * this)","12"
"GetFogDistance","10008d00","void GetFogDistance(TRenderContext * this\, float * param_1\, float * param_2)","27"
"SetFogColour","10008d20","void SetFogColour(TRenderContext * this\, float param_1\, float param_2\, float param_3)","43"
"SetFogColour","10008d50","void SetFogColour(TRenderContext * this\, TVector4 * param_1)","42"
"GetFogColour","10008d80","void GetFogColour(TRenderContext * this\, TVector4 * param_1)","42"
"GetFogColour","10008db0","TVector4 * GetFogColour(TRenderContext * this)","9"
"SetAmbientColour","10008dc0","void SetAmbientColour(TRenderContext * this\, float param_1\, float param_2\, float param_3)","43"
"SetAmbientColour","10008df0","void SetAmbientColour(TRenderContext * this\, TVector4 * param_1)","42"
"GetAmbientColour","10008e20","void GetAmbientColour(TRenderContext * this\, TVector4 * param_1)","42"
"GetAmbientColour","10008e50","TVector4 * GetAmbientColour(TRenderContext * this)","9"
"GetSkeletonInstance","10008e60","TSkeletonInstance * GetSkeletonInstance(TRenderContext * this)","4"
"SetSkeletonInstance","10008e70","void SetSkeletonInstance(TRenderContext * this\, TSkeletonInstance * param_1)","10"
"GetGuardFlags","10008e80","int GetGuardFlags(TRenderContext * this)","4"
"SetClipFlags","10008e90","void SetClipFlags(TRenderContext * this\, int param_1)","10"
"GetClipFlags","10008ea0","int GetClipFlags(TRenderContext * this)","4"
"GetRenderer","10008eb0","TRenderInterface * GetRenderer(TRenderContext * this)","4"
"GetProjectionParameters","10008ec0","PROJECTIONPARAMS * GetProjectionParameters(TRenderContext * this)","6"
"GetViewportParameters","10008ed0","VIEWPORTPARAMS * GetViewportParameters(TRenderContext * this)","6"
"GetWorldViewMatrix","10008ee0","TMatrix44 * GetWorldViewMatrix(TRenderContext * this)","9"
"GetModelViewMatrix","10008ef0","TMatrix44 * GetModelViewMatrix(TRenderContext * this)","6"
"GetProjType","10008f00","PROJTYPE GetProjType(TRenderContext * this)","4"
"~TSun","10008f10","void ~TSun(TSun * this)","7"
"TSun","10008f20","undefined TSun(TSun * this\, TSun * param_1)","141"
"GetBiasInterp","10008fb0","float GetBiasInterp(TSun * this)","4"
"GetBiasColour","10008fc0","TVector3 * GetBiasColour(TSun * this)","6"
"GetDirection","10008fd0","TVector3 * GetDirection(TSun * this)","6"
"GetColorWithIntensity","10008fe0","TVector4 * GetColorWithIntensity(TSun * this)","6"
"GetColorAndIntensity","10008ff0","void GetColorAndIntensity(TSun * this\, TVector4 * param_1)","36"
"GetColor","10009020","TVector4 * GetColor(TSun * this)","6"
"GetIntensity","10009030","float GetIntensity(TSun * this)","4"
"GetTheta","10009040","float GetTheta(TSun * this)","4"
"TSun","10009050","undefined TSun(TSun * this\, float param_1\, float param_2)","53"
"~TAtmosphere","10009090","void ~TAtmosphere(TAtmosphere * this)","7"
"TAtmosphere","100090a0","undefined TAtmosphere(TAtmosphere * this\, TAtmosphere * param_1)","369"
"GetFar","10009220","float GetFar(TAtmosphere * this)","4"
"GetNear","10009230","float GetNear(TAtmosphere * this)","4"
"SetFar","10009240","void SetFar(TAtmosphere * this\, float param_1)","10"
"SetNear","10009250","void SetNear(TAtmosphere * this\, float param_1)","10"
"GetVSC_BETA_DASH_2","10009260","TVector4 * GetVSC_BETA_DASH_2(TAtmosphere * this)","9"
"GetVSC_BETA_DASH_1","10009270","TVector4 * GetVSC_BETA_DASH_1(TAtmosphere * this)","9"
"GetVSC_BETA_1_PLUS_2","10009280","TVector4 * GetVSC_BETA_1_PLUS_2(TAtmosphere * this)","9"
"GetVSC_ONE_OVER_BETA_1_PLUS_2","10009290","TVector4 * GetVSC_ONE_OVER_BETA_1_PLUS_2(TAtmosphere * this)","6"
"GetVSC_HG","100092a0","TVector4 * GetVSC_HG(TAtmosphere * this)","6"
"GetBetaDashMie","100092b0","TVector3 * GetBetaDashMie(TAtmosphere * this)","6"
"GetBetaMie","100092c0","TVector3 * GetBetaMie(TAtmosphere * this)","6"
"GetBetaDashRayleigh","100092d0","TVector3 * GetBetaDashRayleigh(TAtmosphere * this)","6"
"GetBetaRayleigh","100092e0","TVector3 * GetBetaRayleigh(TAtmosphere * this)","6"
"GetAtmHGg","100092f0","float GetAtmHGg(TAtmosphere * this)","4"
"GetAtmExtinctionMult","10009300","float GetAtmExtinctionMult(TAtmosphere * this)","4"
"GetAtmInscatteringMult","10009310","float GetAtmInscatteringMult(TAtmosphere * this)","4"
"GetAtmBetaMieMult","10009320","float GetAtmBetaMieMult(TAtmosphere * this)","4"
"GetAtmBetaRayMult","10009330","float GetAtmBetaRayMult(TAtmosphere * this)","4"
"TAtmosphere","10009340","undefined TAtmosphere(TAtmosphere * this\, float param_1\, float param_2\, float param_3\, float param_4\, float param_5)","143"
"operator=","100093d0","Device * operator=(Device * this\, Device * param_1)","39"
"Device","10009400","undefined Device(Device * this\, Device * param_1)","33"
"Device","10009430","undefined Device(Device * this)","22"
"~Device","10009450","void ~Device(Device * this)","54"
"operator=","10009490","Mode * operator=(Mode * this\, Mode * param_1)","39"
"Mode","100094c0","undefined Mode(Mode * this\, Mode * param_1)","33"
"Mode","100094f0","undefined Mode(Mode * this)","22"
"~Mode","10009510","void ~Mode(Mode * this)","54"
"TRenderAdapter","10009550","undefined TRenderAdapter(TRenderAdapter * this)","35"
"~TRenderAdapter","10009580","void ~TRenderAdapter(TRenderAdapter * this)","280"
"~TNullResource","100096c0","void ~TNullResource(TNullResource * this)","10"
"TNullResource","100096d0","undefined TNullResource(TNullResource * this\, TNullResource * param_1)","122"
"TNullResource","10009750","undefined TNullResource(TNullResource * this)","21"
"TResource","10009770","undefined TResource(TResource * this\, TResource * param_1)","116"
"GetDebugDyingInfo","100097f0","char * GetDebugDyingInfo(TResource * this)","6"
"GetDebugInfo","10009800","char * GetDebugInfo(TResource * this)","6"
"Next","10009810","TResource * Next(TResource * this)","4"
"Child","10009820","TResource * Child(TResource * this)","4"
"Parent","10009830","TResource * Parent(TResource * this)","85"
"IsSceneObject","10009890","bool IsSceneObject(TResource * this)","16"
"operator=","100098a0","TSkeletonSequenceBone * operator=(TSkeletonSequenceBone * this\, TSkeletonSequenceBone * param_1)","13"
"IsLocked","100098b0","bool IsLocked(TSkeletonSequenceBone * this)","16"
"IsTranslateAnimating","100098c0","bool IsTranslateAnimating(TSkeletonSequenceBone * this)","16"
"GetKeyCount","100098d0","ushort GetKeyCount(TSkeletonSequenceBone * this)","5"
"GetKey","100098e0","TAnimationTQKey * GetKey(TSkeletonSequenceBone * this\, ushort param_1)","12"
"operator=","100098f0","TSkeletonSequence * operator=(TSkeletonSequence * this\, TSkeletonSequence * param_1)","55"
"GetUsedBoneCount","10009930","uint GetUsedBoneCount(TSkeletonSequence * this)","4"
"IsLooping","10009940","bool IsLooping(TSkeletonSequence * this)","16"
"GetLoopMode","10009950","LOOPMODE GetLoopMode(TSkeletonSequence * this)","4"
"GetLength","10009960","float GetLength(TSkeletonSequence * this)","4"
"IsOverlay","10009970","bool IsOverlay(TSkeletonSequence * this)","17"
"GetBone","10009990","TSkeletonSequenceBone * GetBone(TSkeletonSequence * this\, int param_1)","11"
"GetBones","100099a0","TSkeletonSequenceBone * * GetBones(TSkeletonSequence * this)","6"
"GetFlags","100099b0","ushort GetFlags(TSkeletonSequence * this)","5"
"GetResourceName","100099c0","ResourceName * GetResourceName(TSkeletonSequence * this)","3"
"operator=","100099d0","TSkeleton * operator=(TSkeleton * this\, TSkeleton * param_1)","103"
"~TSkeleton","10009a40","void ~TSkeleton(TSkeleton * this)","13"
"GetInstanceCount","10009a50","short GetInstanceCount(TSkeleton * this)","5"
"GetAnimationMaxCount","10009a60","short GetAnimationMaxCount(TSkeleton * this)","5"
"GetSequenceCount","10009a70","short GetSequenceCount(TSkeleton * this)","5"
"GetManualBoneCount","10009a80","short GetManualBoneCount(TSkeleton * this)","5"
"GetAutoBoneCount","10009a90","short GetAutoBoneCount(TSkeleton * this)","14"
"GetBoneCount","10009aa0","short GetBoneCount(TSkeleton * this)","5"
"GetSize","10009ab0","int GetSize(TSkeleton * this)","3"
"GetSequence","10009ac0","TSkeletonSequence * GetSequence(TSkeleton * this\, int param_1)","77"
"GetSequence","10009b10","TSkeletonSequence * GetSequence(TSkeleton * this\, char * param_1\, int param_2)","90"
"GetSequences","10009b70","TSkeletonSequence * * GetSequences(TSkeleton * this)","4"
"GetBone","10009b80","TSkeletonBone * GetBone(TSkeleton * this\, int param_1)","80"
"GetBone","10009bd0","TSkeletonBone * GetBone(TSkeleton * this\, char * param_1\, int param_2)","90"
"GetBones","10009c30","TSkeletonBone * GetBones(TSkeleton * this)","4"
"GetKeyLibraryInstance","10009c40","TKeyframeLibraryInstance * GetKeyLibraryInstance(TSkeleton * this)","6"
"operator=","10009c50","TSkeletonBone * operator=(TSkeletonBone * this\, TSkeletonBone * param_1)","28"
"TSkeletonBone","10009c70","undefined TSkeletonBone(TSkeletonBone * this\, TSkeletonBone * param_1)","359"
"TSkeletonBone","10009de0","undefined TSkeletonBone(TSkeletonBone * this)","3"
"IsManual","10009df0","bool IsManual(TSkeletonBone * this)","20"
"IsRoot","10009e10","bool IsRoot(TSkeletonBone * this)","23"
"GetFlags","10009e30","ushort GetFlags(TSkeletonBone * this)","8"
"GetParent","10009e40","short GetParent(TSkeletonBone * this)","8"
"GetResourceName","10009e50","ResourceName * GetResourceName(TSkeletonBone * this)","9"
"GetLibraryCount","10009e60","int GetLibraryCount(TKeyframeLibraryManager * this)","4"
"GetLibraryList","10009e70","TQList<class_Toshi::TKeyframeLibrary> * GetLibraryList(TKeyframeLibraryManager * this)","3"
"operator=","10009e80","TKeyframeLibraryInstance * operator=(TKeyframeLibraryInstance * this\, TKeyframeLibraryInstance * param_1)","67"
"SetSCount","10009ed0","void SetSCount(TKeyframeLibraryInstance * this\, int param_1)","10"
"SetQCount","10009ee0","void SetQCount(TKeyframeLibraryInstance * this\, int param_1)","10"
"SetTCount","10009ef0","void SetTCount(TKeyframeLibraryInstance * this\, int param_1)","10"
"SetSBaseIndex","10009f00","void SetSBaseIndex(TKeyframeLibraryInstance * this\, int param_1)","10"
"SetQBaseIndex","10009f10","void SetQBaseIndex(TKeyframeLibraryInstance * this\, int param_1)","10"
"SetTBaseIndex","10009f20","void SetTBaseIndex(TKeyframeLibraryInstance * this\, int param_1)","10"
"GetS","10009f30","float GetS(TKeyframeLibraryInstance * this\, int param_1)","74"
"GetQ","10009f80","TAnimQuaternion * GetQ(TKeyframeLibraryInstance * this\, int param_1)","76"
"GetT","10009fd0","TAnimVector * GetT(TKeyframeLibraryInstance * this\, int param_1)","81"
"GetSCount","1000a030","int GetSCount(TKeyframeLibraryInstance * this)","4"
"GetQCount","1000a040","int GetQCount(TKeyframeLibraryInstance * this)","4"
"GetTCount","1000a050","int GetTCount(TKeyframeLibraryInstance * this)","4"
"GetSBaseIndex","1000a060","int GetSBaseIndex(TKeyframeLibraryInstance * this)","4"
"GetQBaseIndex","1000a070","int GetQBaseIndex(TKeyframeLibraryInstance * this)","4"
"GetTBaseIndex","1000a080","int GetTBaseIndex(TKeyframeLibraryInstance * this)","4"
"GetLibrary","1000a090","TKeyframeLibrary * GetLibrary(TKeyframeLibraryInstance * this)","3"
"operator=","1000a0a0","TKeyframeLibrary * operator=(TKeyframeLibrary * this\, TKeyframeLibrary * param_1)","103"
"GetSCount","1000a110","int GetSCount(TKeyframeLibrary * this)","4"
"GetQCount","1000a120","int GetQCount(TKeyframeLibrary * this)","4"
"GetTCount","1000a130","int GetTCount(TKeyframeLibrary * this)","4"
"GetReferenceCount","1000a140","int GetReferenceCount(TKeyframeLibrary * this)","4"
"GetSKeys","1000a150","float * GetSKeys(TKeyframeLibrary * this)","4"
"GetQKeys","1000a160","TAnimQuaternion * GetQKeys(TKeyframeLibrary * this)","4"
"GetTKeys","1000a170","TAnimVector * GetTKeys(TKeyframeLibrary * this)","4"
"GetKeyMemoryBase","1000a180","void * GetKeyMemoryBase(TKeyframeLibrary * this)","6"
"GetS","1000a190","float GetS(TKeyframeLibrary * this\, int param_1)","74"
"GetQ","1000a1e0","TAnimQuaternion * GetQ(TKeyframeLibrary * this\, int param_1)","76"
"GetT","1000a230","TAnimVector * GetT(TKeyframeLibrary * this\, int param_1)","81"
"GetResourceName","1000a290","ResourceName * GetResourceName(TKeyframeLibrary * this)","6"
"operator=","1000a2a0","TAnimation * operator=(TAnimation * this\, TAnimation * param_1)","85"
"~TAnimation","1000a300","void ~TAnimation(TAnimation * this)","21"
"TAnimation","1000a320","undefined TAnimation(TAnimation * this)","8"
"GetSpeed","1000a330","float GetSpeed(TAnimation * this)","4"
"GetSeqTime","1000a340","float GetSeqTime(TAnimation * this)","4"
"GetTotalTime","1000a350","float GetTotalTime(TAnimation * this)","4"
"GetBlendOutSpeed","1000a360","float GetBlendOutSpeed(TAnimation * this)","4"
"GetBlendInSpeed","1000a370","float GetBlendInSpeed(TAnimation * this)","4"
"GetDestWeight","1000a380","float GetDestWeight(TAnimation * this)","4"
"GetWeight","1000a390","float GetWeight(TAnimation * this)","4"
"GetMode","1000a3a0","MODE GetMode(TAnimation * this)","4"
"GetBone","1000a3b0","TAnimationBone * GetBone(TAnimation * this\, int param_1)","11"
"GetBones","1000a3c0","TAnimationBone * GetBones(TAnimation * this)","6"
"GetFlags","1000a3d0","ushort GetFlags(TAnimation * this)","5"
"GetSequencePtr","1000a3e0","TSkeletonSequence * GetSequencePtr(TAnimation * this)","23"
"GetSequence","1000a400","short GetSequence(TAnimation * this)","5"
"SetSpeed","1000a410","float SetSpeed(TAnimation * this\, float param_1)","13"
"SetMode","1000a420","void SetMode(TAnimation * this\, MODE param_1)","10"
"IsUpdateStateOnRemove","1000a430","bool IsUpdateStateOnRemove(TAnimation * this)","17"
"IsManaged","1000a450","bool IsManaged(TAnimation * this)","17"
"IsActive","1000a470","bool IsActive(TAnimation * this)","17"
"operator=","1000a490","TAnimationBone * operator=(TAnimationBone * this\, TAnimationBone * param_1)","15"
"~TSkeletonInstance","1000a4a0","void ~TSkeletonInstance(TSkeletonInstance * this)","204"
"TSkeletonInstance","1000a570","undefined TSkeletonInstance(TSkeletonInstance * this)","30"
"GetBone","1000a590","TSkeletonInstanceBone * GetBone(TSkeletonInstance * this\, int param_1)","13"
"GetBones","1000a5a0","TSkeletonInstanceBone * GetBones(TSkeletonInstance * this)","4"
"GetSize","1000a5b0","uint GetSize(TSkeletonInstance * this)","4"
"GetSkeleton","1000a5c0","TSkeleton * GetSkeleton(TSkeletonInstance * this)","4"
"GetOverlayAnimationCount","1000a5d0","int GetOverlayAnimationCount(TSkeletonInstance * this)","5"
"GetBaseAnimationCount","1000a5e0","int GetBaseAnimationCount(TSkeletonInstance * this)","5"
"GetActiveAnimationCount","1000a5f0","int GetActiveAnimationCount(TSkeletonInstance * this)","11"
"operator=","1000a600","TSkeletonInstanceBone * operator=(TSkeletonInstanceBone * this\, TSkeletonInstanceBone * param_1)","28"
"TSkeletonInstanceBone","1000a620","undefined TSkeletonInstanceBone(TSkeletonInstanceBone * this\, TSkeletonInstanceBone * param_1)","145"
"TSkeletonInstanceBone","1000a6c0","undefined TSkeletonInstanceBone(TSkeletonInstanceBone * this)","3"
"operator=","1000a6d0","TAnimVector * operator=(TAnimVector * this\, TAnimVector * param_1)","25"
"TAnimVector","1000a6f0","undefined TAnimVector(TAnimVector * this\, TAnimVector * param_1)","25"
"TAnimVector","1000a710","undefined TAnimVector(TAnimVector * this)","3"
"Set","1000a720","void Set(TAnimVector * this\, TVector4 * param_1)","23"
"Get","1000a740","void Get(TAnimVector * this\, TVector4 * param_1)","30"
"Get","1000a760","TVector4 * Get(TAnimVector * this)","3"
"operator=","1000a770","TAnimQuaternion * operator=(TAnimQuaternion * this\, TAnimQuaternion * param_1)","31"
"TAnimQuaternion","1000a790","undefined TAnimQuaternion(TAnimQuaternion * this\, TAnimQuaternion * param_1)","31"
"TAnimQuaternion","1000a7b0","undefined TAnimQuaternion(TAnimQuaternion * this)","3"
"Set","1000a7c0","void Set(TAnimQuaternion * this\, TQuaternion * param_1)","29"
"Get","1000a7e0","void Get(TAnimQuaternion * this\, TQuaternion * param_1)","29"
"Get","1000a800","TQuaternion * Get(TAnimQuaternion * this)","3"
"operator=","1000a810","ResourceName * operator=(ResourceName * this\, ResourceName * param_1)","31"
"Compare","1000a830","bool Compare(ResourceName * this\, ResourceName * param_1)","54"
"Compare","1000a870","bool Compare(ResourceName * this\, char * param_1\, int param_2)","68"
"Compare","1000a8c0","bool Compare(ResourceName * this\, char * param_1)","74"
"GetNameLength","1000a910","int GetNameLength(ResourceName * this)","4"
"GetName","1000a920","char * GetName(ResourceName * this)","4"
"SetName","1000a930","void SetName(ResourceName * this\, char * param_1)","88"
"SetName","1000a990","void SetName(ResourceName * this\, char * param_1\, int param_2)","80"
"GetBoneList","1000a9e0","TNodeList<class_Toshi::TDImp::TBone> * GetBoneList(TSkeleton * this)","6"
"GetDimensions","1000a9f0","void GetDimensions(TSkeleton * this\, uint * param_1)","12"
"TSkeleton","1000aa00","undefined TSkeleton(TSkeleton * this)","20"
"TSkeleton","1000aa20","undefined TSkeleton(TSkeleton * this\, TDImp * param_1)","38"
"operator=","1000aa50","TBone * operator=(TBone * this\, TBone * param_1)","28"
"TBone","1000aa70","undefined TBone(TBone * this\, TBone * param_1)","247"
"SetHasChildren","1000ab70","void SetHasChildren(TBone * this\, bool param_1)","10"
"HasChildren","1000ab80","bool HasChildren(TBone * this)","5"
"GetParent","1000ab90","TBone * GetParent(TBone * this)","4"
"SetParent","1000aba0","void SetParent(TBone * this\, TBone * param_1)","10"
"GetIndex2","1000abb0","uint GetIndex2(TBone * this)","4"
"GetIndex","1000abc0","uint GetIndex(TBone * this)","4"
"SetIndex2","1000abd0","void SetIndex2(TBone * this\, uint param_1)","10"
"SetIndex","1000abe0","void SetIndex(TBone * this\, uint param_1)","10"
"SetManual","1000abf0","void SetManual(TBone * this\, bool param_1)","10"
"IsPathHook","1000ac00","bool IsPathHook(TBone * this)","5"
"IsManual","1000ac10","bool IsManual(TBone * this)","5"
"GetType","1000ac20","TYPE GetType(TBone * this)","4"
"SetPose","1000ac30","void SetPose(TBone * this\, TQuaternion * param_1\, TVector4 * param_2)","57"
"GetParentName","1000ac70","char * GetParentName(TBone * this)","6"
"GetName","1000ac80","char * GetName(TBone * this)","6"
"TBone","1000ac90","undefined TBone(TBone * this)","15"
"TBone","1000aca0","undefined TBone(TBone * this\, TDImp * param_1)","33"
"GetNumBones","1000acd0","uint GetNumBones(TSkinMesh * this)","4"
"GetMeshType","1000ace0","TMeshType GetMeshType(TSkinMesh * this)","4"
"SetMaterial","1000acf0","void SetMaterial(TSkinMesh * this\, TDImpMaterial * param_1)","10"
"GetMaterial","1000ad00","TDImpMaterial * GetMaterial(TSkinMesh * this)","4"
"GetSubMeshList","1000ad10","TNodeList<class_Toshi::TDImp::TSubMesh> * GetSubMeshList(TSkinMesh * this)","6"
"TSkinMesh","1000ad20","undefined TSkinMesh(TSkinMesh * this)","31"
"TSkinMesh","1000ad40","undefined TSkinMesh(TSkinMesh * this\, TDImp * param_1)","50"
"operator=","1000ad80","TSubMesh * operator=(TSubMesh * this\, TSubMesh * param_1)","67"
"GetIndices","1000add0","ushort * GetIndices(TSubMesh * this)","4"
"GetVertices","1000ade0","SkinVertex * GetVertices(TSubMesh * this)","4"
"TSubMesh","1000adf0","undefined TSubMesh(TSubMesh * this)","22"
"TSubMesh","1000ae10","undefined TSubMesh(TSubMesh * this\, TDImp * param_1)","40"
"operator=","1000ae40","TDImpMaterial * operator=(TDImpMaterial * this\, TDImpMaterial * param_1)","28"
"GetName","1000ae60","char * GetName(TDImpMaterial * this)","6"
"GetFlags","1000ae70","uint GetFlags(TDImpMaterial * this)","4"
"GetToshiMaterial","1000ae80","TMaterial * GetToshiMaterial(TDImpMaterial * this)","4"
"GetCodebook","1000ae90","void * GetCodebook(TDImpMaterial * this)","4"
"GetImage","1000aea0","void * GetImage(TDImpMaterial * this)","4"
"GetCodebookBytes","1000aeb0","uint GetCodebookBytes(TDImpMaterial * this)","4"
"GetCodebookSize","1000aec0","uint GetCodebookSize(TDImpMaterial * this)","4"
"GetCodebookFormat","1000aed0","uint GetCodebookFormat(TDImpMaterial * this)","4"
"GetImageBytes","1000aee0","uint GetImageBytes(TDImpMaterial * this)","4"
"GetHeight","1000aef0","uint GetHeight(TDImpMaterial * this)","4"
"GetWidth","1000af00","uint GetWidth(TDImpMaterial * this)","4"
"GetImageFormat","1000af10","uint GetImageFormat(TDImpMaterial * this)","4"
"TDImpMaterial","1000af20","undefined TDImpMaterial(TDImpMaterial * this)","19"
"TDImpMaterial","1000af40","undefined TDImpMaterial(TDImpMaterial * this\, TDImp * param_1)","37"
"GetSeqShortTranslation","1000af70","tag_TShortVector3 * GetSeqShortTranslation(TDImp * this)","9"
"GetSequenceLength","1000af80","float GetSequenceLength(TDImp * this)","7"
"SetSequenceLength","1000af90","void SetSequenceLength(TDImp * this\, float param_1)","13"
"GetManualRemapTableInverse","1000afa0","uint * GetManualRemapTableInverse(TDImp * this)","7"
"GetManualRemapTable","1000afb0","uint * GetManualRemapTable(TDImp * this)","7"
"GetManualCount","1000afc0","uint GetManualCount(TDImp * this)","7"
"SetBoundingRadius","1000afd0","void SetBoundingRadius(TDImp * this\, float param_1)","10"
"GetBoundingRadius","1000afe0","float GetBoundingRadius(TDImp * this)","4"
"SetBoundingCenter","1000aff0","void SetBoundingCenter(TDImp * this\, float param_1\, float param_2\, float param_3)","24"
"GetBoundingCenter","1000b010","TVector3 GetBoundingCenter(TDImp * this)","24"
"GetLODCount","1000b030","uint GetLODCount(TDImp * this)","4"
"GetSkinMeshList","1000b040","TNodeList<class_Toshi::TDImp::TSkinMesh> * GetSkinMeshList(TDImp * this\, uint param_1)","78"
"GetSequenceSet","1000b090","TNodeList<class_Toshi::TDBase::TSequence> * GetSequenceSet(TDImp * this)","9"
"GetSkeleton","1000b0a0","TSkeleton * GetSkeleton(TDImp * this)","7"
"GetShader","1000b0b0","TShader * GetShader(TMaterialLibraryManager * this\, int param_1)","11"
"SetShader","1000b0c0","void SetShader(TMaterialLibraryManager * this\, int param_1\, TShader * param_2)","15"
"GetInvalidMaterial","1000b0d0","TMaterial * GetInvalidMaterial(TMaterialLibraryManager * this)","4"
"GetTexture","1000b0e0","TTextureResource * GetTexture(TMaterialLibrary * this\, int a_iIndex)","74"
"IsLooping","1000b130","bool IsLooping(TSequence * this)","17"
"TranslateAnimating","1000b150","void TranslateAnimating(TKeySequence * this\, bool param_1)","10"
"IsTranslateAnimating","1000b160","bool IsTranslateAnimating(TKeySequence * this)","5"
"GetBoneDepth","1000b170","uint GetBoneDepth(TKeySequence * this)","4"
"SetBoneDepth","1000b180","void SetBoneDepth(TKeySequence * this\, uint param_1)","10"
"IsLocked","1000b190","bool IsLocked(TKeySequence * this)","5"
"SetLocked","1000b1a0","void SetLocked(TKeySequence * this\, bool param_1)","10"
"GetNumKeys","1000b1b0","uint GetNumKeys(TKeySequence * this)","4"
"TKeyFrame","1000b1c0","undefined TKeyFrame(TKeyFrame * this\, TKeyFrame * param_1)","79"
"GetTranslation","1000b210","TVector4 * GetTranslation(TKeyFrame * this)","6"
"GetRotation","1000b220","TQuaternion * GetRotation(TKeyFrame * this)","6"
"SetTime","1000b230","void SetTime(TKeyFrame * this\, float param_1)","10"
"GetTime","1000b240","float GetTime(TKeyFrame * this)","4"
"operator=","1000b250","TDBase * operator=(TDBase * this\, TDBase * param_1)","13"
"SetTransDeviation","1000b260","void SetTransDeviation(TDBase * this\, float param_1)","12"
"GetTransDeviation","1000b270","float GetTransDeviation(TDBase * this)","7"
"SetTransEpsilon","1000b280","void SetTransEpsilon(TDBase * this\, float param_1)","12"
"GetTransEpsilon","1000b290","float GetTransEpsilon(TDBase * this)","7"
"PrintString","1000b2a0","String * PrintString(TDebugText * this\, ushort param_1\, ushort param_2\, char * param_3\, ushort param_4)","168"
"AddString","1000b350","String * AddString(TDebugText * this\, char * param_1\, ushort param_2)","28"
"Destroy","1000b370","void Destroy(TDebugText * this)","8"
"CreateInstance","1000b400","TModelInstance * CreateInstance(TModel * this)","156"
"TModel","1000b4a0","undefined TModel(TModel * this)","86"
"LoadTMD","1000b500","bool LoadTMD(TModel * this\, char * param_1)","408"
"Delete","1000b6a0","void Delete(TModelInstance * this)","60"
"Update","1000b6e0","void Update(TModelInstance * this\, float param_1)","139"
"Render","1000b770","void Render(TModelInstance * this)","240"
"TModelInstance","1000b860","undefined TModelInstance(TModelInstance * this\, TModel * param_1)","83"
"~TModelInstance","1000b8c0","void ~TModelInstance(TModelInstance * this)","99"
"~TModel","1000b930","void ~TModel(TModel * this)","7"
"SetLOD","1000b9d0","int SetLOD(TModelInstance * this\, int param_1)","84"
"GetSkeletonInstance","1000ba30","TSkeletonInstance * GetSkeletonInstance(TModelInstance * this)","4"
"GetModel","1000ba40","TModel * GetModel(TModelInstance * this)","3"
"SetDebugName","1000ba50","void SetDebugName(TModel * this\, char * param_1)","3"
"GetDebugName","1000ba60","char * GetDebugName(TModel * this)","6"
"GetCoarseBoundingRadius","1000ba70","float GetCoarseBoundingRadius(TModel * this)","4"
"GetVisSphere","1000ba80","TSphere * GetVisSphere(TModel * this)","61"
"GetLOD","1000bac0","TModelLOD * GetLOD(TModel * this\, int param_1)","77"
"GetLODCount","1000bb10","int GetLODCount(TModel * this)","4"
"GetInstanceCount","1000bb20","int GetInstanceCount(TModel * this)","4"
"IsLoaded","1000bb30","bool IsLoaded(TModel * this)","16"
"IsCreated","1000bb40","bool IsCreated(TModel * this)","16"
"GetSkeleton","1000bb50","TSkeleton * GetSkeleton(TModel * this)","4"
"GetFlags","1000bb60","uint GetFlags(TModel * this)","4"
"operator=","1000bb70","TModelLOD * operator=(TModelLOD * this\, TModelLOD * param_1)","43"
"TModelLOD","1000bba0","undefined TModelLOD(TModelLOD * this\, TModelLOD * param_1)","43"
"GetVisSphere","1000bbd0","TSphere * GetVisSphere(TModelLOD * this)","3"
"GetMesh","1000bbe0","TMesh * GetMesh(TModelLOD * this\, int param_1)","13"
"GetMeshCount","1000bbf0","int GetMeshCount(TModelLOD * this)","4"
"TModelLOD","1000bc00","undefined TModelLOD(TModelLOD * this)","38"
"GetModeList","1000bc30","TNodeList<class_Toshi::TRenderAdapter::Mode> * GetModeList(TRenderAdapter * this)","6"
"~TRenderCapture","1000bcb0","void ~TRenderCapture(TRenderCapture * this)","7"
"TRenderCapture","1000bcc0","undefined TRenderCapture(TRenderCapture * this)","9"
"TRenderContext","1000bd50","undefined TRenderContext(TRenderContext * this\, TRenderInterface * param_1)","755"
"SetModelViewMatrix","1000c050","void SetModelViewMatrix(TRenderContext * this\, TMatrix44 * param_1)","131"
"SetWorldViewMatrix","1000c0e0","void SetWorldViewMatrix(TRenderContext * this\, TMatrix44 * param_1)","173"
"GetModelWorldMatrix","1000c190","TMatrix44 * GetModelWorldMatrix(TRenderContext * this)","63"
"GetViewWorldMatrix","1000c1d0","TMatrix44 * GetViewWorldMatrix(TRenderContext * this)","58"
"GetWorldPlanes","1000c210","TPlane * GetWorldPlanes(TRenderContext * this)","118"
"GetWorldGuardPlanes","1000c290","TPlane * GetWorldGuardPlanes(TRenderContext * this)","121"
"GetViewPlanes","1000c310","void GetViewPlanes(TRenderContext * this\, TPlane * param_1\, int param_2)","268"
"GetGuardPlanes","1000c420","void GetGuardPlanes(TRenderContext * this\, TPlane * param_1\, int param_2)","268"
"GetWorldPlanes","1000c530","void GetWorldPlanes(TRenderContext * this\, TPlane * param_1\, int param_2)","210"
"GetWorldGuardPlanes","1000c610","void GetWorldGuardPlanes(TRenderContext * this\, TPlane * param_1\, int param_2)","210"
"GetViewModelMatrix","1000c6f0","TMatrix44 * GetViewModelMatrix(TRenderContext * this)","58"
"GetWorldModelMatrix","1000c730","TMatrix44 * GetWorldModelMatrix(TRenderContext * this)","62"
"CullSphereToFrustum","1000c770","int CullSphereToFrustum(TSphere * param_1\, TPlane * param_2\, int param_3\, int param_4)","287"
"CullAABoxToFrustum","1000c8a0","int CullAABoxToFrustum(TAABox * a_pBox\, TPlane * a_pPlanes\, int a_iCullFlags\, int param_4)","316"
"CullSphereToFrustumSimple","1000c9f0","bool CullSphereToFrustumSimple(TSphere * param_1\, TPlane * param_2\, int param_3)","68"
"IsDirty","1000ca40","bool IsDirty(TRenderContext * this)","12"
"SetDirty","1000ca50","void SetDirty(TRenderContext * this\, bool param_1)","37"
"EnableFog","1000ca80","void EnableFog(TRenderContext * this\, bool param_1)","32"
"SetFogDistance","1000caa0","void SetFogDistance(TRenderContext * this\, float param_1\, float param_2)","34"
"SetProjType","1000cad0","void SetProjType(TRenderContext * this\, PROJTYPE param_1)","21"
"SetProjectionParameters","1000caf0","void SetProjectionParameters(TRenderContext * this\, PROJECTIONPARAMS * param_1)","53"
"SetViewportParameters","1000cb30","void SetViewportParameters(TRenderContext * this\, VIEWPORTPARAMS * param_1)","53"
"~TRenderContext","1000cb70","void ~TRenderContext(TRenderContext * this)","37"
"TRenderInterface","1000cd70","undefined TRenderInterface(TRenderInterface * this)","749"
"~TRenderInterface","1000d060","void ~TRenderInterface(TRenderInterface * this)","591"
"CreateDisplay","1000d2e0","bool CreateDisplay(TRenderInterface * this\, DisplayParams * param_1)","126"
"DestroyDisplay","1000d360","bool DestroyDisplay(TRenderInterface * this)","76"
"BeginScene","1000d3b0","bool BeginScene(TRenderInterface * this)","127"
"EndScene","1000d430","bool EndScene(TRenderInterface * this)","121"
"Create","1000d4b0","bool Create(TRenderInterface * this\, TKernelInterface * pKernelInterface)","224"
"Destroy","1000d590","bool Destroy(TRenderInterface * this)","49"
"DumpStats","1000d5d0","void DumpStats(TRenderInterface * this)","1082"
"FindDevice","1000da40","Device * FindDevice(TRenderInterface * this\, DisplayParams * param_1)","614"
"MakeDepthStencilFormat","1000dd00","DEPTHSTENCILFORMAT MakeDepthStencilFormat(TRenderInterface * this\, uint param_1\, uint param_2)","149"
"GetKernelInterface","1000dda0","TKernelInterface * GetKernelInterface(TRenderInterface * this)","72"
"DumpResourceTree","1000ddf0","void DumpResourceTree(TRenderInterface * this\, TResource * param_1)","249"
"CreateResource","1000def0","TResource * CreateResource(TRenderInterface * this\, TClass * a_pClass\, char * param_2\, TResource * param_3)","326"
"CreateResourceInPlace","1000e040","TResource * CreateResourceInPlace(TRenderInterface * this\, TClass * param_1\, void * param_2\, char * param_3\, TResource * param_4)","339"
"SetAsLastChild","1000e1a0","void SetAsLastChild(TRenderInterface * this\, TResource * param_1)","241"
"DestroyResource","1000e2a0","void DestroyResource(TRenderInterface * this\, TResource * param_1)","205"
"FlushDyingResources","1000e380","void FlushDyingResources(TRenderInterface * this)","72"
"FindResource","1000e3d0","TResource * FindResource(TRenderInterface * this\, char * param_1\, TResource * param_2)","318"
"FindOrphanedResource","1000e540","TResource * FindOrphanedResource(TRenderInterface * this\, char * param_1\, TResource * param_2)","107"
"GetSystemResource","1000e5b0","TResource * GetSystemResource(TRenderInterface * this\, SYSRESOURCES a_SystemResource)","116"
"FlushShaders","1000e630","void FlushShaders(TRenderInterface * this)","122"
"CreateSystemResources","1000e6b0","bool CreateSystemResources(TRenderInterface * this)","1498"
"DestroyDyingResources","1000ec90","void DestroyDyingResources(TRenderInterface * this\, TResource * param_1)","106"
"DestroyResourceRecurse","1000ed10","void DestroyResourceRecurse(TRenderInterface * this\, TResource * param_1)","134"
"DeleteResourceRecurse","1000eda0","void DeleteResourceRecurse(TRenderInterface * this\, TResource * param_1)","69"
"DeleteResourceAtomic","1000edf0","void DeleteResourceAtomic(TRenderInterface * this\, TResource * param_1)","161"
"FlushShadersRecurse","1000eea0","void FlushShadersRecurse(TRenderInterface * this\, TResource * param_1)","94"
"DestroyResourceTypeRecurse","1000ef00","void DestroyResourceTypeRecurse(TRenderInterface * this\, TClass * param_1\, TResource * param_2)","170"
"FUN_1000f010","1000f010","int FUN_1000f010(int param_1)","53"
"FUN_1000f050","1000f050","char * FUN_1000f050(void * this\, char * param_1)","53"
"DeleteResource","1000f090","void DeleteResource(TRenderInterface * this\, TResource * param_1)","36"
"DestroyShaders","1000f0c0","void DestroyShaders(TRenderInterface * this)","27"
"DestroyAllResources","1000f0e0","void DestroyAllResources(TRenderInterface * this)","26"
"DestroySystemResources","1000f100","void DestroySystemResources(TRenderInterface * this)","49"
"ConnectDefaultViewportHandlers","1000f140","void ConnectDefaultViewportHandlers(TRenderInterface * this\, TViewport * param_1)","3"
"SetCurrentRenderContext","1000f150","TRenderContext * SetCurrentRenderContext(TRenderInterface * this\, TRenderContext * param_1)","13"
"GetCurrentRenderContext","1000f160","TRenderContext * GetCurrentRenderContext(TRenderInterface * this)","4"
"FindNextResource","1000f170","TResource * FindNextResource(TRenderInterface * this\, FindFirstData * param_1)","89"
"FindNextResourceInit","1000f1d0","void FindNextResourceInit(TRenderInterface * this\, FindFirstData * param_1\, char * param_2\, TResource * param_3)","20"
"FindResource","1000f1f0","TResource * FindResource(TRenderInterface * this\, uint param_1\, TResource * param_2)","5"
"GetResourceTree","1000f200","TNodeTree<class_Toshi::TResource> * GetResourceTree(TRenderInterface * this)","9"
"IsDisplayCreated","1000f210","bool IsDisplayCreated(TRenderInterface * this)","5"
"IsCreated","1000f220","bool IsCreated(TRenderInterface * this)","5"
"IsInScene","1000f230","bool IsInScene(TRenderInterface * this)","5"
"SetScreenOffset","1000f240","void SetScreenOffset(TRenderInterface * this\, TVector2 * param_1)","18"
"GetScreenOffset","1000f260","void GetScreenOffset(TRenderInterface * this\, TVector2 * param_1)","18"
"GetAdapterList","1000f280","TNodeList<class_Toshi::TRenderAdapter> * GetAdapterList(TRenderInterface * this)","9"
"Update","1000f290","bool Update(TRenderInterface * this\, float param_1)","17"
"DeinitialiseStatic","1000f2b0","void DeinitialiseStatic(void)","1"
"InitialiseStatic","1000f2c0","void InitialiseStatic(void)","1"
"CreateObjectInPlace","1000f2d0","TObject * CreateObjectInPlace(void * param_1)","42"
"CreateObject","1000f300","TObject * CreateObject(void)","40"
"GetClass","1000f330","TClass * GetClass(TRenderInterface * this)","6"
"_TRenderInterface_GetFlushShaderSorted@0","1000f360","undefined _TRenderInterface_GetFlushShaderSorted@0(void)","8"
"GetAddressMode","1000f370","ADDRESSMODE GetAddressMode(TTextureResource * this)","4"
"SetAddressModeMode","1000f380","ADDRESSMODE SetAddressModeMode(TTextureResource * this\, ADDRESSMODE param_1)","10"
"GetCreateFlags","1000f390","uint GetCreateFlags(TTextureResource * this)","4"
"GetNameEntry","1000f3a0","NameEntry * GetNameEntry(TTextureResource * this)","4"
"CreateHAL","1000f3b0","TTextureResource * CreateHAL(TRenderInterface * param_1\, char * param_2\, TResource * param_3)","44"
"operator=","1000f3e0","NameEntry * operator=(NameEntry * this\, NameEntry * param_1)","28"
"~NameEntry","1000f400","void ~NameEntry(NameEntry * this)","47"
"GetTexture","1000f430","TTextureResource * GetTexture(NameEntry * this)","4"
"GetName","1000f440","char * GetName(NameEntry * this)","6"
"NameEntry","1000f450","undefined NameEntry(NameEntry * this\, char * param_1\, TTextureResource * param_2)","111"
"CreateHAL","1000f4c0","TTextureFactory * CreateHAL(TRenderInterface * param_1\, char * param_2\, TResource * param_3)","44"
"Recurse","1000f4f0","undefined4 Recurse(undefined * param_1\, TResource * param_2\, char param_3\, undefined4 param_4)","163"
"FUN_1000f5a0","1000f5a0","TResource * FUN_1000f5a0(undefined * param_1\, undefined * param_2\, undefined * param_3\, TResource * param_4\, byte param_5\, undefined4 param_6)","201"
"FUN_1000f670","1000f670","undefined FUN_1000f670(void * this\, int * param_1)","120"
"Insert","1000f6f0","undefined Insert(void * this\, TResource * param_1\, int param_2)","195"
"Remove","1000f7c0","TResource * Remove(void * this\, TResource * param_1\, char param_2)","301"
"~TIndexFactoryResourceInterface","1000f970","void ~TIndexFactoryResourceInterface(TIndexFactoryResourceInterface * this)","69"
"CreatePool","1000fa20","TIndexPoolResourceInterface * CreatePool(TIndexFactoryResourceInterface * this\, ushort param_1\, uint param_2)","8"
"Create","1000fa30","bool Create(TIndexFactoryResourceInterface * this\, ushort param_1\, uint param_2)","28"
"GetFlags","1000fa50","uint GetFlags(TIndexFactoryResourceInterface * this)","4"
"GetMaxStaticIndices","1000fa60","ushort GetMaxStaticIndices(TIndexFactoryResourceInterface * this)","5"
"TIndexFactoryResourceInterface","1000fa70","undefined TIndexFactoryResourceInterface(TIndexFactoryResourceInterface * this)","32"
"DeinitialiseStatic","1000fa90","void DeinitialiseStatic(void)","1"
"InitialiseStatic","1000faa0","void InitialiseStatic(void)","1"
"CreateObjectInPlace","1000fab0","TObject * CreateObjectInPlace(void * param_1)","42"
"CreateObject","1000fae0","TObject * CreateObject(void)","40"
"GetClass","1000fb10","TClass * GetClass(TIndexFactoryResourceInterface * this)","6"
"TIndexPoolResourceInterface","1000fba0","undefined TIndexPoolResourceInterface(TIndexPoolResourceInterface * this)","41"
"OnDestroy","1000fbd0","void OnDestroy(TIndexPoolResourceInterface * this)","70"
"Create","1000fc80","bool Create(TIndexPoolResourceInterface * this\, TIndexFactoryResourceInterface * param_1\, uint param_2\, uint param_3)","33"
"GetFlags","1000fcb0","uint GetFlags(TIndexPoolResourceInterface * this)","5"
"GetMaxIndices","1000fcc0","uint GetMaxIndices(TIndexPoolResourceInterface * this)","5"
"GetNumIndices","1000fcd0","uint GetNumIndices(TIndexPoolResourceInterface * this)","5"
"IsLocked","1000fce0","bool IsLocked(TIndexPoolResourceInterface * this)","17"
"GetFactory","1000fd00","TIndexFactoryResourceInterface * GetFactory(TIndexPoolResourceInterface * this)","4"
"~TIndexPoolResourceInterface","1000fd10","void ~TIndexPoolResourceInterface(TIndexPoolResourceInterface * this)","16"
"DeinitialiseStatic","1000fd20","void DeinitialiseStatic(void)","1"
"InitialiseStatic","1000fd30","void InitialiseStatic(void)","1"
"CreateObjectInPlace","1000fd40","TObject * CreateObjectInPlace(void * param_1)","42"
"CreateObject","1000fd70","TObject * CreateObject(void)","40"
"GetClass","1000fda0","TClass * GetClass(TIndexPoolResourceInterface * this)","6"
"TMaterialLibrary","1000fdb0","undefined TMaterialLibrary(TMaterialLibrary * this\, TMaterialLibraryManager * param_1)","40"
"Create","1000fde0","bool Create(TMaterialLibrary * this\, char * param_1)","156"
"Destroy","1000fe80","void Destroy(TMaterialLibrary * this)","171"
"GetMaterial","1000ff40","TMaterial * GetMaterial(TMaterialLibrary * this\, char * param_1)","48"
"ReadHeader","1000ff70","bool ReadHeader(TMaterialLibrary * this\, TFile * param_1)","116"
"LoadTextures","1000fff0","bool LoadTextures(TMaterialLibrary * this\, TFile * param_1)","181"
"LoadTexture","100100b0","bool LoadTexture(TMaterialLibrary * this\, int param_1\, TFile * param_2)","385"
"LoadMaterials","10010240","bool LoadMaterials(TMaterialLibrary * this\, TFile * param_1)","446"
"LoadMaterial","10010420","bool LoadMaterial(TMaterialLibrary * this\, int param_1\, TFile * param_2)","336"
"LoadSkinMaterial","10010570","bool LoadSkinMaterial(TMaterialLibrary * this\, int param_1\, TFile * param_2\, TMLDISKMATERIALHEADER * param_3)","583"
"LoadTerrainMaterial","100107c0","bool LoadTerrainMaterial(TMaterialLibrary * this\, int param_1\, TFile * param_2\, TMLDISKMATERIALHEADER * param_3)","446"
"LoadTerrainDecalMaterial","10010990","bool LoadTerrainDecalMaterial(TMaterialLibrary * this\, int param_1\, TFile * param_2\, TMLDISKMATERIALHEADER * param_3)","408"
"LoadSystemMaterial","10010b40","bool LoadSystemMaterial(TMaterialLibrary * this\, int param_1\, TFile * param_2\, TMLDISKMATERIALHEADER * param_3)","510"
"LoadSpriteMaterial","10010d50","bool LoadSpriteMaterial(TMaterialLibrary * this\, int param_1\, TFile * param_2\, TMLDISKMATERIALHEADER * param_3)","507"
"GetIndexForName","10010f60","int GetIndexForName(TMaterialLibrary * this\, char * param_1\, char * * param_2\, int param_3)","142"
"TMaterialLibraryManager","10010ff0","undefined TMaterialLibraryManager(TMaterialLibraryManager * this)","34"
"Create","10011020","void Create(TMaterialLibraryManager * this)","114"
"Destroy","100110a0","void Destroy(TMaterialLibraryManager * this)","76"
"LoadMaterialLibrary","100110f0","uint LoadMaterialLibrary(TMaterialLibraryManager * this\, char * param_1)","215"
"UnloadMaterialLibrary","100111d0","void UnloadMaterialLibrary(TMaterialLibraryManager * this\, uint param_1)","178"
"GetMaterial","10011290","TMaterial * GetMaterial(TMaterialLibraryManager * this\, char * param_1)","148"
"~TMaterialLibraryManager","10011340","void ~TMaterialLibraryManager(TMaterialLibraryManager * this)","223"
"~TMaterialLibrary","10011430","void ~TMaterialLibrary(TMaterialLibrary * this)","47"
"SetShader","100114f0","void SetShader(TMaterial * this\, TShader * param_1)","70"
"SetMaterial","10011540","void SetMaterial(TMesh * this\, TMaterial * param_1)","77"
"SetShader","10011590","void SetShader(TMesh * this\, TShader * param_1)","73"
"Render","100116d0","bool Render(TMesh * this)","8"
"~TMesh","100116e0","void ~TMesh(TMesh * this)","16"
"TMesh","100116f0","undefined TMesh(TMesh * this)","28"
"DeinitialiseStatic","10011710","void DeinitialiseStatic(void)","1"
"InitialiseStatic","10011720","void InitialiseStatic(void)","1"
"CreateObjectInPlace","10011730","TObject * CreateObjectInPlace(void * param_1)","42"
"CreateObject","10011760","TObject * CreateObject(void)","40"
"GetClass","10011790","TClass * GetClass(TMesh * this)","6"
"SetRegMaterial","100117a0","void SetRegMaterial(TMaterial * this\, TRegMaterial * param_1)","10"
"SetFlag","100117b0","void SetFlag(TMaterial * this\, uint param_1\, bool param_2)","27"
"~TMaterial","100117d0","void ~TMaterial(TMaterial * this)","16"
"TMaterial","100117e0","undefined TMaterial(TMaterial * this)","34"
"DeinitialiseStatic","10011810","void DeinitialiseStatic(void)","1"
"InitialiseStatic","10011820","void InitialiseStatic(void)","1"
"CreateObjectInPlace","10011830","TObject * CreateObjectInPlace(void * param_1)","42"
"CreateObject","10011860","TObject * CreateObject(void)","40"
"GetClass","10011890","TClass * GetClass(TMaterial * this)","6"
"Flush","100118a0","void Flush(TShader * this)","1"
"~TShader","100118b0","void ~TShader(TShader * this)","16"
"TShader","100118c0","undefined TShader(TShader * this)","21"
"DeinitialiseStatic","100118e0","void DeinitialiseStatic(void)","1"
"InitialiseStatic","100118f0","void InitialiseStatic(void)","1"
"CreateObjectInPlace","10011900","TObject * CreateObjectInPlace(void * param_1)","42"
"CreateObject","10011930","TObject * CreateObject(void)","40"
"GetClass","10011960","TClass * GetClass(TShader * this)","6"
"Dump","100119f0","void Dump(TTextureFactory * this)","397"
"FindTexture","10011b90","TTextureResource * FindTexture(TTextureFactory * this\, char * param_1)","172"
"DeregisterTexture","10011c70","void DeregisterTexture(TTextureFactory * this\, TTextureResource * param_1)","273"
"HashName","10011d90","uint HashName(TTextureFactory * this\, char * param_1)","120"
"RegisterTexture","10011e10","NameEntry * RegisterTexture(TTextureFactory * this\, char * param_1\, TTextureResource * param_2)","291"
"~TTextureFactory","10011fa0","void ~TTextureFactory(TTextureFactory * this)","269"
"TTextureFactory","100120b0","undefined TTextureFactory(TTextureFactory * this)","55"
"DeinitialiseStatic","100120f0","void DeinitialiseStatic(void)","1"
"InitialiseStatic","10012100","void InitialiseStatic(void)","1"
"CreateObjectInPlace","10012110","TObject * CreateObjectInPlace(void * param_1)","42"
"CreateObject","10012140","TObject * CreateObject(void)","40"
"GetClass","10012170","TClass * GetClass(TTextureFactory * this)","6"
"~TTextureResource","100122d0","void ~TTextureResource(TTextureResource * this)","210"
"CreateEx","10012410","bool CreateEx(TTextureResource * this\, void * param_1\, uint param_2\, uint param_3\, uint param_4\, uint param_5\, TTEXTURERESOURCEFORMAT param_6\, uint param_7)","12"
"Create","10012420","bool Create(TTextureResource * this\, void * param_1\, uint param_2\, uint param_3\, uint param_4\, uint param_5)","12"
"Create","10012430","bool Create(TTextureResource * this\, char * param_1\, uint param_2)","12"
"Unlock","10012440","void Unlock(TTextureResource * this)","1"
"Lock","10012450","bool Lock(TTextureResource * this\, LOCKSTATE * param_1)","5"
"TTextureResource","10012460","undefined TTextureResource(TTextureResource * this)","31"
"DeinitialiseStatic","10012480","void DeinitialiseStatic(void)","1"
"InitialiseStatic","10012490","void InitialiseStatic(void)","1"
"CreateObjectInPlace","100124a0","TObject * CreateObjectInPlace(void * param_1)","42"
"CreateObject","100124d0","TObject * CreateObject(void)","40"
"GetClass","10012500","TClass * GetClass(TTextureResource * this)","6"
"TVertexFactoryResourceInterface","10012590","undefined TVertexFactoryResourceInterface(TVertexFactoryResourceInterface * this)","60"
"~TVertexFactoryResourceInterface","100125d0","void ~TVertexFactoryResourceInterface(TVertexFactoryResourceInterface * this)","69"
"Create","10012620","bool Create(TVertexFactoryResourceInterface * this\, TVertexFactoryFormat * param_1\, ushort param_2\, uint param_3)","111"
"CreatePool","100126f0","TVertexPoolResourceInterface * CreatePool(TVertexFactoryResourceInterface * this\, ushort param_1\, uint param_2)","8"
"GetFlags","10012700","uint GetFlags(TVertexFactoryResourceInterface * this)","4"
"GetMaxStaticVertices","10012710","ushort GetMaxStaticVertices(TVertexFactoryResourceInterface * this)","5"
"GetVertexFormat","10012720","TVertexFactoryFormat * GetVertexFormat(TVertexFactoryResourceInterface * this)","6"
"DeinitialiseStatic","10012730","void DeinitialiseStatic(void)","1"
"InitialiseStatic","10012740","void InitialiseStatic(void)","1"
"CreateObjectInPlace","10012750","TObject * CreateObjectInPlace(void * param_1)","42"
"CreateObject","10012780","TObject * CreateObject(void)","40"
"GetClass","100127b0","TClass * GetClass(TVertexFactoryResourceInterface * this)","6"
"TVertexPoolResourceInterface","10012840","undefined TVertexPoolResourceInterface(TVertexPoolResourceInterface * this)","41"
"OnDestroy","10012870","void OnDestroy(TVertexPoolResourceInterface * this)","70"
"Create","10012920","bool Create(TVertexPoolResourceInterface * this\, TVertexFactoryResourceInterface * param_1\, uint param_2\, uint param_3)","33"
"GetFlags","10012950","uint GetFlags(TVertexPoolResourceInterface * this)","5"
"GetMaxVertices","10012960","uint GetMaxVertices(TVertexPoolResourceInterface * this)","5"
"GetNumVertices","10012970","uint GetNumVertices(TVertexPoolResourceInterface * this)","5"
"IsLocked","10012980","bool IsLocked(TVertexPoolResourceInterface * this)","17"
"GetFactory","100129a0","TVertexFactoryResourceInterface * GetFactory(TVertexPoolResourceInterface * this)","4"
"~TVertexPoolResourceInterface","100129b0","void ~TVertexPoolResourceInterface(TVertexPoolResourceInterface * this)","16"
"DeinitialiseStatic","100129c0","void DeinitialiseStatic(void)","1"
"InitialiseStatic","100129d0","void InitialiseStatic(void)","1"
"CreateObjectInPlace","100129e0","TObject * CreateObjectInPlace(void * param_1)","42"
"CreateObject","10012a10","TObject * CreateObject(void)","40"
"GetClass","10012a40","TClass * GetClass(TVertexPoolResourceInterface * this)","6"
"TCameraViewportHandler","10012bb0","undefined TCameraViewportHandler(TCameraViewportHandler * this\, TCameraObject * param_1)","51"
"GetRenderer","10012bf0","TRenderInterface * GetRenderer(TCameraViewportHandler * this)","128"
"OnBeginRenderEvent","10012c70","bool OnBeginRenderEvent(TCameraViewportHandler * param_1\, TViewport * param_2\, BeginRenderEvent * param_3)","401"
"OnRenderEvent","10012e10","bool OnRenderEvent(TCameraViewportHandler * param_1\, TViewport * param_2\, RenderEvent * param_3)","388"
"OnEndRenderEvent","10012fa0","bool OnEndRenderEvent(TCameraViewportHandler * param_1\, TViewport * param_2\, EndRenderEvent * param_3)","51"
"ConnectEventHandlers","10012fe0","void ConnectEventHandlers(TCameraViewportHandler * this)","137"
"DisconnectEventHandlers","10013070","void DisconnectEventHandlers(TCameraViewportHandler * this)","43"
"TCameraObject","100130a0","undefined TCameraObject(TCameraObject * this)","134"
"Create","10013130","bool Create(TCameraObject * this)","206"
"SetFOV","10013210","float SetFOV(TCameraObject * this\, float param_1)","107"
"SetProjectionCentreX","10013280","float SetProjectionCentreX(TCameraObject * this\, float param_1)","79"
"SetProjectionCentreY","100132d0","float SetProjectionCentreY(TCameraObject * this\, float param_1)","79"
"SetViewport","10013320","TViewport * SetViewport(TCameraObject * this\, TViewport * param_1)","61"
"Enable","100133c0","bool Enable(TCameraObject * this\, bool param_1)","20"
"GetViewport","100133e0","TViewport * GetViewport(TCameraObject * this)","7"
"GetTransformObject","100133f0","TTransformObject * GetTransformObject(TCameraObject * this)","7"
"GetProjectionCentreY","10013400","float GetProjectionCentreY(TCameraObject * this)","7"
"GetProjectionCentreX","10013410","float GetProjectionCentreX(TCameraObject * this)","7"
"GetFOV","10013420","float GetFOV(TCameraObject * this)","7"
"GetFOVMode","10013430","FOVMODE GetFOVMode(TCameraObject * this)","7"
"GetFar","10013440","float GetFar(TCameraObject * this)","7"
"GetNear","10013450","float GetNear(TCameraObject * this)","7"
"SetLookatTarget","10013460","TSceneObject * SetLookatTarget(TCameraObject * this\, TSceneObject * param_1)","19"
"SetProjType","10013480","void SetProjType(TCameraObject * this\, PROJTYPE param_1)","13"
"SetFOVMode","10013490","FOVMODE SetFOVMode(TCameraObject * this\, FOVMODE param_1)","19"
"SetFar","100134b0","float SetFar(TCameraObject * this\, float param_1)","19"
"SetNear","100134d0","float SetNear(TCameraObject * this\, float param_1)","19"
"OnDestroy","100134f0","void OnDestroy(TCameraObject * this)","1"
"~TCameraObject","10013500","void ~TCameraObject(TCameraObject * this)","54"
"DeinitialiseStatic","10013540","void DeinitialiseStatic(void)","1"
"InitialiseStatic","10013550","void InitialiseStatic(void)","1"
"CreateObjectInPlace","10013560","TObject * CreateObjectInPlace(void * param_1)","26"
"CreateObject","10013580","TObject * CreateObject(void)","40"
"GetClass","100135b0","TClass * GetClass(TCameraObject * this)","6"
"OnUpdateEvent","100135c0","bool OnUpdateEvent(TCameraViewportHandler * param_1\, TViewport * param_2\, UpdateEvent * param_3)","8"
"GetCamera","100135d0","TCameraObject * GetCamera(TCameraViewportHandler * this)","3"
"IsEnabled","100135e0","bool IsEnabled(TCameraObject * this)","8"
"GetProjType","100135f0","PROJTYPE GetProjType(TCameraObject * this)","7"
"~TCameraViewportHandler","10013600","void ~TCameraViewportHandler(TCameraViewportHandler * this)","43"
"TCameraViewportHandler","10013630","undefined TCameraViewportHandler(TCameraViewportHandler * this\, TCameraViewportHandler * param_1)","133"
"GetScale","100136c0","TVector3 * GetScale(TTransformObject * this)","9"
"GetTranslate","100136d0","TVector3 * GetTranslate(TTransformObject * this)","79"
"GetMatrix","10013720","TMatrix44 * GetMatrix(TTransformObject * this)","65"
"GetQuat","10013770","TQuaternion * GetQuat(TTransformObject * this)","64"
"GetEuler","100137b0","TVector3 * GetEuler(TTransformObject * this)","65"
"GetMode","10013800","MODE GetMode(TTransformObject * this)","4"
"SetScale","10013810","void SetScale(TTransformObject * this\, float param_1\, float param_2\, float param_3)","33"
"SetScale","10013840","void SetScale(TTransformObject * this\, float param_1)","25"
"SetScale","10013860","void SetScale(TTransformObject * this\, TVector3 * param_1)","33"
"operator=","10013890","EndRenderEvent * operator=(EndRenderEvent * this\, EndRenderEvent * param_1)","13"
"EndRenderEvent","100138a0","undefined EndRenderEvent(EndRenderEvent * this)","9"
"RenderEvent","100138b0","undefined RenderEvent(RenderEvent * this\, TScene * param_1)","11"
"operator=","100138c0","BeginRenderEvent * operator=(BeginRenderEvent * this\, BeginRenderEvent * param_1)","13"
"BeginRenderEvent","100138d0","undefined BeginRenderEvent(BeginRenderEvent * this)","9"
"operator=","100138e0","EndUpdateEvent * operator=(EndUpdateEvent * this\, EndUpdateEvent * param_1)","13"
"EndUpdateEvent","100138f0","undefined EndUpdateEvent(EndUpdateEvent * this)","9"
"operator=","10013900","UpdateEvent * operator=(UpdateEvent * this\, UpdateEvent * param_1)","13"
"UpdateEvent","10013910","undefined UpdateEvent(UpdateEvent * this)","9"
"operator=","10013920","BeginUpdateEvent * operator=(BeginUpdateEvent * this\, BeginUpdateEvent * param_1)","13"
"BeginUpdateEvent","10013930","undefined BeginUpdateEvent(BeginUpdateEvent * this)","9"
"THandler","10013940","undefined THandler(THandler * this\, THandler * param_1)","39"
"GetViewport","10013970","TViewport * GetViewport(THandler * this)","4"
"~THandler","10013980","void ~THandler(THandler * this)","54"
"THandler","100139c0","undefined THandler(THandler * this\, TViewport * param_1)","42"
"GetChangeEmitter","100139f0","TEmitter<class_Toshi::TViewport\,class_Toshi::TNullEvent> * GetChangeEmitter(TViewport * this)","9"
"GetDestroyEmitter","10013a00","TEmitter<class_Toshi::TViewport\,class_Toshi::TNullEvent> * GetDestroyEmitter(TViewport * this)","9"
"GetEndRenderEmitter","10013a10","TEmitter<class_Toshi::TViewport\,class_Toshi::TViewport::EndRenderEvent> * GetEndRenderEmitter(TViewport * this)","9"
"GetRenderEmitter","10013a20","TEmitter<class_Toshi::TViewport\,class_Toshi::TViewport::RenderEvent> * GetRenderEmitter(TViewport * this)","6"
"GetBeginRenderEmitter","10013a30","TEmitter<class_Toshi::TViewport\,class_Toshi::TViewport::BeginRenderEvent> * GetBeginRenderEmitter(TViewport * this)","6"
"GetEndUpdateEmitter","10013a40","TEmitter<class_Toshi::TViewport\,class_Toshi::TViewport::EndUpdateEvent> * GetEndUpdateEmitter(TViewport * this)","6"
"GetUpdateEmitter","10013a50","TEmitter<class_Toshi::TViewport\,class_Toshi::TViewport::UpdateEvent> * GetUpdateEmitter(TViewport * this)","6"
"GetBeginUpdateEmitter","10013a60","TEmitter<class_Toshi::TViewport\,class_Toshi::TViewport::BeginUpdateEvent> * GetBeginUpdateEmitter(TViewport * this)","6"
"IsEnabled","10013a70","bool IsEnabled(TViewport * this)","8"
"Enable","10013a80","void Enable(TViewport * this\, bool param_1)","13"
"IsEnableDefaultBeginRender","10013a90","bool IsEnableDefaultBeginRender(TViewport * this)","8"
"IsDepthClearAllowed","10013aa0","bool IsDepthClearAllowed(TViewport * this)","8"
"IsBackgroundClearAllowed","10013ab0","bool IsBackgroundClearAllowed(TViewport * this)","8"
"GetHandlers","10013ac0","TNodeList<class_Toshi::TViewport::THandler> * GetHandlers(TViewport * this)","6"
"GetRenderContext","10013ad0","TRenderContext * GetRenderContext(TViewport * this)","4"
"TGFXFileInstanceObject","10013b60","undefined TGFXFileInstanceObject(TGFXFileInstanceObject * this)","38"
"Create","10013b90","bool Create(TGFXFileInstanceObject * this\, TGFXFileObject * param_1)","445"
"Update","10013d60","bool Update(TGFXFileInstanceObject * this\, TScene * param_1)","146"
"Render","10013e00","bool Render(TGFXFileInstanceObject * this\, TScene * param_1)","894"
"SetTextureStagesA","10014180","void SetTextureStagesA(TGFXFileInstanceObject * this\, char * param_1)","30"
"GetTextureStages","100141a0","void GetTextureStages(TGFXFileInstanceObject * this\, char * param_1)","30"
"SetTextureAlphasA","100141c0","void SetTextureAlphasA(TGFXFileInstanceObject * this\, uchar * param_1)","30"
"GetTextureAlphas","100141e0","void GetTextureAlphas(TGFXFileInstanceObject * this\, uchar * param_1)","30"
"SetTextureAlphas","10014260","void SetTextureAlphas(TGFXFileInstanceObject * this\, uchar param_1\, uchar param_2\, uchar param_3\, uchar param_4)","31"
"SetTextureStages","10014280","void SetTextureStages(TGFXFileInstanceObject * this\, char param_1\, char param_2\, char param_3\, char param_4)","31"
"DestroyResource","100142a0","void DestroyResource(TGFXFileInstanceObject * this)","20"
"OnDestroy","100142c0","void OnDestroy(TGFXFileInstanceObject * this)","24"
"~TGFXFileInstanceObject","100142e0","void ~TGFXFileInstanceObject(TGFXFileInstanceObject * this)","16"
"DeinitialiseStatic","100142f0","void DeinitialiseStatic(void)","1"
"InitialiseStatic","10014300","void InitialiseStatic(void)","1"
"CreateObjectInPlace","10014310","TObject * CreateObjectInPlace(void * param_1)","26"
"CreateObject","10014330","TObject * CreateObject(void)","40"
"GetClass","10014360","TClass * GetClass(TGFXFileInstanceObject * this)","6"
"SetFade","10014370","void SetFade(TGFXFileInstanceObject * this\, float param_1\, float param_2)","17"
"GetTransformObject","10014390","TTransformObject * GetTransformObject(TGFXFileInstanceObject * this)","4"
"GetDistanceAlphaFadeState","100143a0","bool GetDistanceAlphaFadeState(TGFXFileInstanceObject * this)","16"
"EnableDistanceAlphaFade","100143b0","bool EnableDistanceAlphaFade(TGFXFileInstanceObject * this\, bool param_1)","49"
"IsVisibile","100143f0","bool IsVisibile(TGFXFileInstanceObject * this)","16"
"SetVisible","10014400","bool SetVisible(TGFXFileInstanceObject * this\, bool param_1)","49"
"GetModelInstance","10014440","TModelInstance * GetModelInstance(TGFXFileInstanceObject * this)","4"
"GetGFXFile","10014450","TGFXFileObject * GetGFXFile(TGFXFileInstanceObject * this)","4"
"ForceLowLOD","10014460","void ForceLowLOD(bool param_1)","12"
"GetModel","10014470","TModel * GetModel(TGFXFileObject * this)","4"
"Create","10014500","bool Create(TGFXFileObject * this\, char * param_1)","110"
"CreateInstance","10014570","TGFXFileInstanceObject * CreateInstance(TGFXFileObject * this\, char * param_1\, TResource * param_2)","58"
"Render","10014610","bool Render(TGFXFileObject * this\, TScene * param_1)","17"
"Update","10014630","bool Update(TGFXFileObject * this\, TScene * param_1)","17"
"OnDestroy","10014650","void OnDestroy(TGFXFileObject * this)","31"
"~TGFXFileObject","10014670","void ~TGFXFileObject(TGFXFileObject * this)","16"
"TGFXFileObject","10014680","undefined TGFXFileObject(TGFXFileObject * this)","28"
"DeinitialiseStatic","100146a0","void DeinitialiseStatic(void)","1"
"InitialiseStatic","100146b0","void InitialiseStatic(void)","1"
"CreateObjectInPlace","100146c0","TObject * CreateObjectInPlace(void * param_1)","26"
"CreateObject","100146e0","TObject * CreateObject(void)","40"
"GetClass","10014710","TClass * GetClass(TGFXFileObject * this)","6"
"Render","10014800","bool Render(TJPShadowFudgeNode * this\, TScene * param_1)","17"
"DeinitialiseStatic","10014820","void DeinitialiseStatic(void)","1"
"InitialiseStatic","10014830","void InitialiseStatic(void)","1"
"CreateObjectInPlace","10014840","TObject * CreateObjectInPlace(void * param_1)","32"
"CreateObject","10014860","TObject * CreateObject(void)","47"
"GetClass","10014890","TClass * GetClass(TJPShadowFudgeNode * this)","6"
"~TJPShadowFudgeNode","100148a0","void ~TJPShadowFudgeNode(TJPShadowFudgeNode * this)","10"
"TJPShadowFudgeNode","100148b0","undefined TJPShadowFudgeNode(TJPShadowFudgeNode * this)","21"
"TLightingNode","10014950","undefined TLightingNode(TLightingNode * this)","61"
"Render","10014990","bool Render(TLightingNode * this\, TScene * param_1)","591"
"~TLightingNode","10014c40","void ~TLightingNode(TLightingNode * this)","16"
"DeinitialiseStatic","10014c50","void DeinitialiseStatic(void)","1"
"InitialiseStatic","10014c60","void InitialiseStatic(void)","1"
"CreateObjectInPlace","10014c70","TObject * CreateObjectInPlace(void * param_1)","26"
"CreateObject","10014c90","TObject * CreateObject(void)","40"
"GetClass","10014cc0","TClass * GetClass(TLightingNode * this)","6"
"GetAmbientColour","10014cd0","TVector4 * GetAmbientColour(TLightingNode * this)","9"
"GetLightColourMatrix","10014ce0","TMatrix44 * GetLightColourMatrix(TLightingNode * this)","6"
"GetLightDirectionMatrix","10014cf0","TMatrix44 * GetLightDirectionMatrix(TLightingNode * this)","6"
"SetAmbientColour","10014d00","void SetAmbientColour(TLightingNode * this\, float param_1\, float param_2\, float param_3)","267"
"SetAmbientColour","10014e30","void SetAmbientColour(TLightingNode * this\, TVector4 * param_1)","333"
"SetLightColourMatrix","10014fa0","void SetLightColourMatrix(TLightingNode * this\, TMatrix44 * param_1)","960"
"SetLightDirectionMatrix","100153c0","void SetLightDirectionMatrix(TLightingNode * this\, TMatrix44 * param_1)","102"
"TScene","100154b0","undefined TScene(TScene * this)","138"
"Begin","10015540","bool Begin(TScene * this)","82"
"Update","100155a0","bool Update(TScene * this\, float param_1)","150"
"Render","10015650","bool Render(TScene * this)","93"
"RenderScene","100156c0","bool RenderScene(TScene * this)","154"
"End","10015770","bool End(TScene * this)","44"
"Recurse","100157a0","bool Recurse(TScene * this\, float param_1)","104"
"Create","10015810","bool Create(TScene * this)","274"
"CreateCamera","10015930","TCameraObject * CreateCamera(TScene * this\, char * param_1\, TResource * param_2)","55"
"CreateViewport","10015970","TViewport * CreateViewport(TScene * this\, char * param_1\, TResource * param_2\, bool param_3)","63"
"~TScene","10015a10","void ~TScene(TScene * this)","16"
"DeinitialiseStatic","10015a20","void DeinitialiseStatic(void)","1"
"InitialiseStatic","10015a30","void InitialiseStatic(void)","1"
"CreateObjectInPlace","10015a40","TObject * CreateObjectInPlace(void * param_1)","26"
"CreateObject","10015a60","TObject * CreateObject(void)","40"
"GetClass","10015a90","TClass * GetClass(TScene * this)","6"
"Update","10015ba0","bool Update(TSceneObject * this\, TScene * param_1)","93"
"Render","10015c10","bool Render(TSceneObject * this\, TScene * param_1)","266"
"Recurse","10015d30","bool Recurse(TSceneObject * this\, TScene * param_1)","98"
"~TNullSceneResource","10015e40","void ~TNullSceneResource(TNullSceneResource * this)","16"
"TNullSceneResource","10015e50","undefined TNullSceneResource(TNullSceneResource * this)","40"
"DeinitialiseStatic","10015e80","void DeinitialiseStatic(void)","1"
"InitialiseStatic","10015e90","void InitialiseStatic(void)","1"
"CreateObjectInPlace","10015ea0","TObject * CreateObjectInPlace(void * param_1)","26"
"CreateObject","10015ec0","TObject * CreateObject(void)","40"
"GetClass","10015ef0","TClass * GetClass(TNullSceneResource * this)","6"
"GetWorldMatrix","10015f00","void GetWorldMatrix(TSceneObject * this\, TMatrix44 * param_1)","13"
"GetLocalMatrix","10015f10","void GetLocalMatrix(TSceneObject * this\, TMatrix44 * param_1)","13"
"SetFlags","10015f20","uint SetFlags(TSceneObject * this\, uint param_1)","10"
"~TSceneObject","10015f30","void ~TSceneObject(TSceneObject * this)","16"
"TSceneObject","10015f40","undefined TSceneObject(TSceneObject * this)","34"
"DeinitialiseStatic","10015f70","void DeinitialiseStatic(void)","1"
"InitialiseStatic","10015f80","void InitialiseStatic(void)","1"
"CreateObjectInPlace","10015f90","TObject * CreateObjectInPlace(void * param_1)","26"
"CreateObject","10015fb0","TObject * CreateObject(void)","40"
"GetClass","10015fe0","TClass * GetClass(TSceneObject * this)","6"
"FUN_10015ff0","10015ff0","undefined FUN_10015ff0(undefined4 * param_1\, TVector3 * param_2\, undefined4 param_3\, undefined4 param_4\, float param_5\, TVector3 * param_6\, undefined4 * param_7)","873"
"Render","100163e0","bool Render(TTerrainObject * this\, TScene * param_1)","249"
"SetTerrain","100164e0","bool SetTerrain(TTerrainObject * this\, TTerrainInterface * param_1)","85"
"Create","100165a0","bool Create(TTerrainObject * this\, TTerrainInterface * param_1)","26"
"~TTerrainObject","100165c0","void ~TTerrainObject(TTerrainObject * this)","16"
"TTerrainObject","100165d0","undefined TTerrainObject(TTerrainObject * this)","28"
"DeinitialiseStatic","100165f0","void DeinitialiseStatic(void)","1"
"InitialiseStatic","10016600","void InitialiseStatic(void)","1"
"CreateObjectInPlace","10016610","TObject * CreateObjectInPlace(void * param_1)","26"
"CreateObject","10016630","TObject * CreateObject(void)","40"
"GetClass","10016660","TClass * GetClass(TTerrainObject * this)","6"
"GetTerrain","10016670","TTerrainInterface * GetTerrain(TTerrainObject * this)","4"
"TTransformObject","10016700","undefined TTransformObject(TTransformObject * this)","98"
"TTransformObject","10016770","undefined TTransformObject(TTransformObject * this\, TTransformObject * param_1)","213"
"Push","10016850","void Push(TTransformObject * this\, TScene * param_1)","828"
"Pop","10016bb0","void Pop(TTransformObject * this\, TScene * param_1)","115"
"SetMatrix","10016c30","void SetMatrix(TTransformObject * this\, TMatrix44 * param_1)","121"
"SetTranslate","10016cb0","void SetTranslate(TTransformObject * this\, TVector3 * param_1)","162"
"GetLocalMatrix","10016d60","void GetLocalMatrix(TTransformObject * this\, TMatrix44 * param_1)","651"
"SetEulerOrder","10017060","void SetEulerOrder(TTransformObject * this\, EROT param_1\, EROT param_2\, EROT param_3)","33"
"SetQuat","10017090","void SetQuat(TTransformObject * this\, TQuaternion * param_1)","37"
"SetEuler","100170c0","void SetEuler(TTransformObject * this\, TVector3 * param_1)","31"
"SetMode","100170e0","MODE SetMode(TTransformObject * this\, MODE param_1)","13"
"RenderOld","100170f0","bool RenderOld(TTransformObject * this\, TScene * param_1)","43"
"operator=","10017120","TTransformObject * operator=(TTransformObject * this\, TTransformObject * param_1)","44"
"~TTransformObject","10017150","void ~TTransformObject(TTransformObject * this)","16"
"DeinitialiseStatic","10017160","void DeinitialiseStatic(void)","1"
"InitialiseStatic","10017170","void InitialiseStatic(void)","1"
"CreateObjectInPlace","10017180","TObject * CreateObjectInPlace(void * param_1)","26"
"CreateObject","100171a0","TObject * CreateObject(void)","40"
"GetClass","100171d0","TClass * GetClass(TTransformObject * this)","6"
"TViewport","10017260","undefined TViewport(TViewport * this)","181"
"~TViewport","10017320","void ~TViewport(TViewport * this)","337"
"Create","10017490","bool Create(TViewport * this\, bool param_1)","91"
"Update","100174f0","bool Update(TViewport * this\, TScene * param_1)","275"
"Render","10017610","bool Render(TViewport * this\, TScene * param_1)","472"
"SetX","100177f0","float SetX(TViewport * this\, float param_1)","103"
"SetY","10017860","float SetY(TViewport * this\, float param_1)","104"
"SetWidth","100178d0","float SetWidth(TViewport * this\, float param_1)","104"
"SetHeight","10017940","float SetHeight(TViewport * this\, float param_1)","104"
"SetMinZ","100179b0","float SetMinZ(TViewport * this\, float param_1)","104"
"SetMaxZ","10017a20","float SetMaxZ(TViewport * this\, float param_1)","97"
"SetBackgroundColour","10017a90","void SetBackgroundColour(TViewport * this\, uchar param_1\, uchar param_2\, uchar param_3\, uchar param_4)","71"
"EnableDefaultBeginRender","10017b40","bool EnableDefaultBeginRender(TViewport * this\, bool param_1)","20"
"AllowDepthClear","10017b60","bool AllowDepthClear(TViewport * this\, bool param_1)","20"
"AllowBackgroundClear","10017b80","bool AllowBackgroundClear(TViewport * this\, bool param_1)","20"
"DeleteHandlers","10017ba0","void DeleteHandlers(TViewport * this)","175"
"AddHandler","10017c70","void AddHandler(TViewport * this\, THandler * param_1)","106"
"GetBackgroundColour","10017ce0","void GetBackgroundColour(TViewport * this\, uchar * param_1\, uchar * param_2\, uchar * param_3\, uchar * param_4)","51"
"GetMaxZ","10017d20","float GetMaxZ(TViewport * this)","7"
"GetMinZ","10017d30","float GetMinZ(TViewport * this)","7"
"GetHeight","10017d40","float GetHeight(TViewport * this)","7"
"GetWidth","10017d50","float GetWidth(TViewport * this)","7"
"GetY","10017d60","float GetY(TViewport * this)","7"
"GetX","10017d70","float GetX(TViewport * this)","7"
"DeinitialiseStatic","10017d80","void DeinitialiseStatic(void)","1"
"InitialiseStatic","10017d90","void InitialiseStatic(void)","1"
"CreateObjectInPlace","10017da0","TObject * CreateObjectInPlace(void * param_1)","26"
"CreateObject","10017dc0","TObject * CreateObject(void)","40"
"GetClass","10017df0","TClass * GetClass(TViewport * this)","6"
"RenderEvent","10017e00","undefined RenderEvent(RenderEvent * this\, RenderEvent * param_1)","13"
"TResource","10017e10","undefined TResource(TResource * this)","74"
"Create","10017e60","bool Create(TResource * this)","77"
"Validate","10017eb0","bool Validate(TResource * this)","293"
"SetName","10017ff0","void SetName(TResource * this\, char * a_strName)","139"
"SetParent","10018080","void SetParent(TResource * this\, TResource * param_1)","176"
"RecurseSimple","10018140","void RecurseSimple(TResource * this\, FuncDef0 * param_1\, TResource * param_2\, void * param_3)","167"
"~TResource","10018200","void ~TResource(TResource * this)","126"
"OnDestroy","10018290","void OnDestroy(TResource * this)","79"
"DeinitialiseStatic","10018390","void DeinitialiseStatic(void)","1"
"InitialiseStatic","100183a0","void InitialiseStatic(void)","1"
"CreateObjectInPlace","100183b0","TObject * CreateObjectInPlace(void * param_1)","32"
"CreateObject","100183d0","TObject * CreateObject(void)","47"
"GetClass","10018400","TClass * GetClass(TNullResource * this)","6"
"GetUId","10018410","uint GetUId(TResource * this)","4"
"GetName","10018420","char * GetName(TResource * this)","6"
"GetRenderer","10018430","TRenderInterface * GetRenderer(TResource * this)","4"
"MarkAsSceneObject","10018440","void MarkAsSceneObject(TResource * this)","9"
"IsDying","10018450","bool IsDying(TResource * this)","13"
"IsCreated","10018460","bool IsCreated(TResource * this)","13"
"IsValid","10018470","bool IsValid(TResource * this)","35"
"DestroyResource","100184a0","void DestroyResource(TResource * this)","20"
"Invalidate","100184c0","void Invalidate(TResource * this)","9"
"DeinitialiseStatic","100184d0","void DeinitialiseStatic(void)","1"
"InitialiseStatic","100184e0","void InitialiseStatic(void)","1"
"CreateObjectInPlace","100184f0","TObject * CreateObjectInPlace(void * param_1)","26"
"CreateObject","10018510","TObject * CreateObject(void)","40"
"GetClass","10018540","TClass * GetClass(TResource * this)","6"
"SetNum","10018550","bool SetNum(TResourceNameMap * this\, int param_1)","80"
"Find","100185a0","Item * Find(TResourceNameMap * this\, char * param_1)","277"
"SetName","100186d0","void SetName(Item * this\, char * param_1)","82"
"IsValid","10018730","bool IsValid(Item * this)","16"
"SetResource","10018740","void SetResource(Item * this\, TResource * param_1)","10"
"GetResource","10018750","TResource * GetResource(Item * this)","4"
"GetName","10018760","char * GetName(Item * this)","3"
"Item","10018770","undefined Item(Item * this)","10"
"GetItemList","10018780","TArray<class_Toshi::TResourceNameMap::Item> * GetItemList(TResourceNameMap * this)","3"
"AddItem","10018790","Item * AddItem(TResourceNameMap * this)","78"
"TResourceNameMap","100187e0","undefined TResourceNameMap(TResourceNameMap * this\, int param_1)","22"
"FUN_10018800","10018800","undefined FUN_10018800(void * this\, int param_1)","294"
"operator=","10018930","Item * operator=(Item * this\, Item * param_1)","37"
"~TResourceNameMap","10018960","void ~TResourceNameMap(TResourceNameMap * this)","24"
"`default_constructor_closure'","10018980","void `default_constructor_closure'(TResourceNameMap * this)","12"
"Get","10018990","void Get(TKeyFrame * this\, float * param_1\, TQuaternion * param_2\, TVector4 * param_3)","66"
"Set","100189e0","void Set(TKeyFrame * this\, float * param_1\, TQuaternion * param_2\, TVector4 * param_3)","66"
"GetInterpolate","10018a30","void GetInterpolate(TKeyFrame * param_1\, TKeyFrame * param_2\, TKeyFrame * param_3\, float param_4)","254"
"GenerateKey","10018b30","void GenerateKey(TKeySequence * this\, TKeyFrame * param_1\, float param_2)","374"
"GenerateCloseKey","10018cc0","void GenerateCloseKey(TKeySequence * this\, TKeyFrame * param_1\, float param_2)","544"
"GenerateExportCloseKey","10018f00","void GenerateExportCloseKey(TKeySequence * this\, TKeyFrame * param_1\, float param_2)","493"
"DeleteData","10019110","void DeleteData(TKeySequence * this)","196"
"DeleteData","100191f0","void DeleteData(TSequence * this)","431"
"SetFlag","100193c0","void SetFlag(TSequence * this\, ushort param_1)","12"
"GetKeySeqs","100193d0","TNodeList<class_Toshi::TDBase::TKeySequence> * GetKeySeqs(TSequence * this)","6"
"SetSeqName","100193e0","void SetSeqName(TSequence * this\, char * param_1)","20"
"SetNumKeySeqs","10019400","void SetNumKeySeqs(TSequence * this\, uint param_1)","10"
"GetSeqName","10019410","char * GetSeqName(TSequence * this)","6"
"GetNumKeySeqs","10019420","void GetNumKeySeqs(TSequence * this\, uint * param_1)","12"
"~TSequence","10019430","void ~TSequence(TSequence * this)","518"
"TSequence","10019650","undefined TSequence(TSequence * this)","28"
"operator=","10019670","TKeySequence * operator=(TKeySequence * this\, TKeySequence * param_1)","29"
"GetKeys","10019690","TNodeList<class_Toshi::TDBase::TKeyFrame> * GetKeys(TKeySequence * this)","6"
"SetAssociatedBoneName","100196a0","void SetAssociatedBoneName(TKeySequence * this\, char * param_1)","20"
"SetNumKeys","100196c0","void SetNumKeys(TKeySequence * this\, uint param_1)","10"
"GetAssociatedBoneName","100196d0","char * GetAssociatedBoneName(TKeySequence * this)","6"
"GetNumKeys","100196e0","void GetNumKeys(TKeySequence * this\, uint * param_1)","12"
"~TKeySequence","100196f0","void ~TKeySequence(TKeySequence * this)","281"
"TKeySequence","10019810","undefined TKeySequence(TKeySequence * this)","41"
"IsInExclusiveTimeRange","10019840","bool IsInExclusiveTimeRange(TKeyFrame * this\, float param_1\, float param_2)","45"
"IsInTimeRange","10019870","bool IsInTimeRange(TKeyFrame * this\, float param_1\, float param_2)","45"
"operator=","100198a0","TKeyFrame * operator=(TKeyFrame * this\, TKeyFrame * param_1)","63"
"~TKeyFrame","100198e0","void ~TKeyFrame(TKeyFrame * this)","47"
"TKeyFrame","10019910","undefined TKeyFrame(TKeyFrame * this)","15"
"TDBase","10019920","undefined TDBase(TDBase * this)","3"
"TDImp","10019a30","undefined TDImp(TDImp * this)","121"
"Create","10019ab0","bool Create(TDImp * this\, char * param_1)","866"
"TDImp","10019e40","undefined TDImp(TDImp * this\, char * param_1)","139"
"~TDImp","10019ed0","void ~TDImp(TDImp * this)","635"
"ComputeBoneBox","1001a160","bool ComputeBoneBox(TDImp * this\, TDImp * param_1\, TBone * param_2\, bool param_3)","1568"
"BoneSpaceTransform","1001a7e0","void BoneSpaceTransform(TDImp * this\, TBone * param_1\, TVector3 * param_2\, TAABox * param_3\, bool * param_4)","198"
"BuildImpParentChildHierarchy","1001a8b0","void BuildImpParentChildHierarchy(TDImp * this)","274"
"BoneRemap","1001a9f0","void BoneRemap(TDImp * this)","4033"
"ComposeHierarchy","1001bb20","void ComposeHierarchy(TDImp * this)","112"
"ReorderAllKeySeqs","1001bba0","void ReorderAllKeySeqs(TDImp * this)","1149"
"CollapseSequences","1001c080","void CollapseSequences(TDImp * this\, TBone * param_1\, TVector4 * param_2\, TQuaternion * param_3)","592"
"ImportSequenceSet","1001c340","bool ImportSequenceSet(TDImp * this\, TNodeList<class_Toshi::TDBase::TSequence> * param_1\, TDImp * param_2)","271"
"ImportSequence","1001c460","bool ImportSequence(TDImp * this\, TSequence * param_1\, TDImp * param_2)","917"
"ImportKeySequence","1001c810","bool ImportKeySequence(TDImp * this\, TKeySequence * param_1\, TDImp * param_2)","1878"
"ImportKey","1001cf80","bool ImportKey(TDImp * this\, TKeyFrame * param_1\, TDImp * param_2)","821"
"ImportMeshSet","1001d2c0","bool ImportMeshSet(TDImp * this\, uint * param_1\, uint * param_2\, TDImp * param_3)","264"
"MarkMeshSet","1001d3d0","void MarkMeshSet(TDImp * this)","1768"
"FileRead","1001dbb0","bool FileRead(TDImpMaterial * this\, TDImp * param_1)","748"
"DeleteResources","1001dea0","void DeleteResources(TDImpMaterial * this)","57"
"GetDimensions","1001dee0","void GetDimensions(TSubMesh * this\, uint * param_1\, uint * param_2\, uint * param_3)","50"
"FileRead","1001df20","bool FileRead(TSubMesh * this\, TDImp * param_1)","592"
"DeleteResources","1001e170","void DeleteResources(TSubMesh * this)","59"
"FileRead","1001e1b0","bool FileRead(TSkinMesh * this\, TDImp * param_1)","210"
"FileReadSubMeshes","1001e290","bool FileReadSubMeshes(TSkinMesh * this\, TDImp * param_1)","240"
"GetRigidBoneName","1001e390","char * GetRigidBoneName(TSkinMesh * this)","104"
"DeleteResources","1001e400","void DeleteResources(TSkinMesh * this)","223"
"GetPose","1001e500","void GetPose(TBone * this\, TQuaternion * param_1\, TVector3 * param_2)","51"
"FileRead","1001e540","bool FileRead(TBone * this\, TDImp * param_1)","140"
"ComputeManualAndHook","1001e5d0","bool ComputeManualAndHook(TBone * this\, TDImp * param_1\, TVector4 * param_2\, TQuaternion * param_3)","908"
"ReorderKeySeqs","1001e9c0","void ReorderKeySeqs(TBone * this\, TDImp * param_1)","404"
"IsBadBone","1001eb80","bool IsBadBone(TBone * this)","74"
"ComposeWithParent","1001ebd0","void ComposeWithParent(TBone * this)","116"
"GetPoseC","1001ec50","void GetPoseC(TBone * this\, TQuaternion * param_1\, TVector3 * param_2)","51"
"FileRead","1001ec90","bool FileRead(TSkeleton * this\, TDImp * param_1)","93"
"FileReadBones","1001ecf0","bool FileReadBones(TSkeleton * this\, TDImp * param_1)","231"
"DebugDump","1001ede0","void DebugDump(TSkeleton * this)","192"
"DeleteResources","1001eeb0","void DeleteResources(TSkeleton * this)","196"
"~TSkeleton","1001ef90","void ~TSkeleton(TSkeleton * this)","241"
"GetPoseC","1001f090","void GetPoseC(TBone * this\, TQuaternion * param_1\, TVector4 * param_2)","57"
"IsBadBoneName","1001f0d0","bool IsBadBoneName(TBone * this)","23"
"IsBoneNode","1001f0f0","bool IsBoneNode(TBone * this)","16"
"IsTransformNode","1001f100","bool IsTransformNode(TBone * this)","17"
"IsRootNode","1001f120","bool IsRootNode(TBone * this)","17"
"GetPose","1001f140","void GetPose(TBone * this\, TQuaternion * param_1\, TVector4 * param_2)","57"
"~TBone","1001f180","void ~TBone(TBone * this)","47"
"GetBoneNames","1001f1b0","char * GetBoneNames(TSkinMesh * this)","55"
"GetDimensions","1001f1f0","void GetDimensions(TSkinMesh * this\, uint * param_1\, uint * param_2\, uint * param_3\, uint * param_4)","39"
"~TSkinMesh","1001f220","void ~TSkinMesh(TSkinMesh * this)","288"
"~TSubMesh","1001f340","void ~TSubMesh(TSubMesh * this)","65"
"~TDImpMaterial","1001f390","void ~TDImpMaterial(TDImpMaterial * this)","65"
"SetSeqShortTranslation","1001f3e0","void SetSeqShortTranslation(TDImp * this\, tag_TShortVector3 * param_1)","39"
"IsManualRestricted","1001f410","bool IsManualRestricted(TDImp * this\, TBone * param_1)","24"
"FUN_1001f440","1001f440","undefined FUN_1001f440(void * this\, uint param_1)","96"
"FUN_1001f7c0","1001f7c0","undefined FUN_1001f7c0(void * this\, int * param_1)","206"
"TSubMesh","1001f8b0","undefined TSubMesh(TSubMesh * this\, TSubMesh * param_1)","67"
"TDImpMaterial","1001f900","undefined TDImpMaterial(TDImpMaterial * this\, TDImpMaterial * param_1)","145"
"FUN_1001f9a0","1001f9a0","undefined FUN_1001f9a0(void * this\, int * param_1)","206"
"TAtmosphere","1001fa90","undefined TAtmosphere(TAtmosphere * this)","91"
"SetAtmHGg","1001faf0","void SetAtmHGg(TAtmosphere * this\, float param_1)","62"
"SetAll","1001fb30","void SetAll(TAtmosphere * this\, float param_1\, float param_2\, TVector3 * param_3\, TVector3 * param_4\, float param_5\, float param_6\, float param_7)","94"
"CalculateScatteringConstants","1001fb90","void CalculateScatteringConstants(TAtmosphere * this)","476"
"CalculateVSConstants","1001fd70","void CalculateVSConstants(TAtmosphere * this)","215"
"InitVSConstants","1001fe50","void InitVSConstants(TAtmosphere * this)","181"
"TSun","1001ff10","undefined TSun(TSun * this)","72"
"SetTheta","1001ff60","void SetTheta(TSun * this\, float param_1)","191"
"SetIntensity","10020020","void SetIntensity(TSun * this\, float param_1)","59"
"Set","10020060","void Set(TSun * this\, float param_1\, float param_2\, TVector3 * param_3\, float param_4)","212"
"SetBiasColour","10020140","void SetBiasColour(TSun * this\, TVector3 * param_1\, float param_2)","93"
"ComputeAttenuation","100201a0","void ComputeAttenuation(TSun * this\, float param_1\, TVector4 * param_2\, int param_3)","298"
"DeinitialiseStatic","10020370","void DeinitialiseStatic(void)","1"
"InitialiseStatic","10020380","void InitialiseStatic(void)","1"
"CreateObjectInPlace","10020390","TObject * CreateObjectInPlace(void * param_1)","26"
"CreateObject","100203b0","TObject * CreateObject(void)","40"
"GetClass","100203e0","TClass * GetClass(TSun * this)","6"
"SetAtmExtinctionMult","100203f0","void SetAtmExtinctionMult(TAtmosphere * this\, float param_1)","19"
"SetAtmInscatteringMult","10020410","void SetAtmInscatteringMult(TAtmosphere * this\, float param_1)","19"
"SetAtmBetaMieMult","10020430","void SetAtmBetaMieMult(TAtmosphere * this\, float param_1)","19"
"SetAtmBetaRayMult","10020450","void SetAtmBetaRayMult(TAtmosphere * this\, float param_1)","19"
"DeinitialiseStatic","10020470","void DeinitialiseStatic(void)","1"
"InitialiseStatic","10020480","void InitialiseStatic(void)","1"
"CreateObjectInPlace","10020490","TObject * CreateObjectInPlace(void * param_1)","26"
"CreateObject","100204b0","TObject * CreateObject(void)","40"
"GetClass","100204e0","TClass * GetClass(TAtmosphere * this)","6"
"TSceneSysMesh","10020570","undefined TSceneSysMesh(TSceneSysMesh * this)","41"
"Render","100205a0","bool Render(TSceneSysMesh * this\, TScene * param_1)","201"
"SetMesh","10020670","bool SetMesh(TSceneSysMesh * this\, TMesh * param_1)","120"
"Create","10020750","bool Create(TSceneSysMesh * this\, TMesh * param_1)","26"
"~TSceneSysMesh","10020770","void ~TSceneSysMesh(TSceneSysMesh * this)","16"
"DeinitialiseStatic","10020780","void DeinitialiseStatic(void)","1"
"InitialiseStatic","10020790","void InitialiseStatic(void)","1"
"CreateObjectInPlace","100207a0","TObject * CreateObjectInPlace(void * param_1)","26"
"CreateObject","100207c0","TObject * CreateObject(void)","40"
"GetClass","100207f0","TClass * GetClass(TSceneSysMesh * this)","6"
"GetMesh","10020800","TMesh * GetMesh(TSceneSysMesh * this)","4"
"pow","10020a50","thunk double pow(double _X\, double _Y)","6"
"exp","10020a56","thunk double exp(double _X)","6"
"operator_delete","10020a5c","thunk void operator_delete(void * param_1)","6"
"operator_new","10020a70","thunk void * operator_new(uint param_1)","6"
"FUN_10020a76","10020a76","undefined FUN_10020a76(_onexit_t param_1)","44"
"FUN_10020aa2","10020aa2","int FUN_10020aa2(_onexit_t param_1)","18"
"FUN_10020ad8","10020ad8","undefined4 FUN_10020ad8(undefined4 param_1\, int param_2)","171"
"entry","10020b83","int entry(HMODULE param_1\, int param_2\, undefined4 param_3)","157"
"__dllonexit","10020c20","thunk undefined __dllonexit()","6"
"_initterm","10020c26","thunk undefined _initterm()","6"
"FUN_10020c2c","10020c2c","undefined4 FUN_10020c2c(HMODULE param_1\, int param_2)","32"
